,Unnamed: 0_orig,Unnamed: 0_comp,mag_diff_orig,mag_diff_comp,fof_halo_count_orig,fof_halo_count_comp,fof_halo_tag_orig,fof_halo_tag_comp,fof_halo_mass_orig,fof_halo_mass_comp,fof_halo_ke_orig,fof_halo_ke_comp,fof_halo_center_x_orig,fof_halo_center_x_comp,fof_halo_center_y_orig,fof_halo_center_y_comp,fof_halo_center_z_orig,fof_halo_center_z_comp,fof_halo_angmom_x_orig,fof_halo_angmom_x_comp,fof_halo_angmom_y_orig,fof_halo_angmom_y_comp,fof_halo_angmom_z_orig,fof_halo_angmom_z_comp,fof_halo_max_cir_vel_orig,fof_halo_max_cir_vel_comp,fof_halo_com_x_orig,fof_halo_com_x_comp,fof_halo_com_y_orig,fof_halo_com_y_comp,fof_halo_com_z_orig,fof_halo_com_z_comp,fof_halo_mean_vx_orig,fof_halo_mean_vx_comp,fof_halo_mean_vy_orig,fof_halo_mean_vy_comp,fof_halo_mean_vz_orig,fof_halo_mean_vz_comp,fof_halo_vel_disp_orig,fof_halo_vel_disp_comp,fof_halo_1D_vel_disp_orig,fof_halo_1D_vel_disp_comp
0,0,0,0.5696293711662292,0.5696293711662292,1616,1616,543655151,543655151,886592307200.0,886592307200.0,3.831074063111946e+17,3.828187157894267e+17,128.02841186523438,128.02841186523438,115.03228759765624,115.03228759765624,56.06742858886719,56.06742858886719,-913126195200.0,-398746583040.0,93095428096.0,-243182813184.0,-1291994923008.0,-630688186368.0,116.12220764160156,116.12220764160156,127.92933654785156,127.92933654785156,114.95643615722656,114.95643615722656,56.10587310791016,56.10587310791016,-24.35218620300293,-24.349733352661133,-735.658935546875,-735.4044799804688,-502.56060791015625,-502.34765625,152.61090087890625,152.54226684570312,152.61090087890625,152.54226684570312
1,1,1,0.5583286285400391,0.5583286285400391,1507,1507,779979578,779979578,826791231488.0,826791231488.0,2.1948717401636864e+17,2.1938057292808192e+17,197.1060943603516,197.1060943603516,215.72723388671875,215.72723388671875,201.6449279785156,201.6449279785156,-93901832192.0,-129533100032.0,5263935488.0,63039676416.0,79198240768.0,89445490688.0,149.2913055419922,149.2913055419922,197.07196044921875,197.07196044921875,215.7048797607422,215.7048797607422,201.6522521972656,201.6522521972656,635.7449340820312,635.5678100585938,73.87725830078125,73.84457397460938,-208.8481292724609,-208.76612854003903,160.92478942871094,160.93136596679688,160.92478942871094,160.93136596679688
2,2,2,0.4942685961723327,0.4942685961723327,13913,13913,944404240,944404240,7633143070720.0,7633143070720.0,1.4931010563919053e+18,1.4920758992379576e+18,231.5642547607422,231.5642547607422,171.48348999023438,171.48348999023438,187.0181884765625,187.0181884765625,3138218360832.0,4275730644992.0,-145925865472.0,1081207095296.0,1263658074112.0,1224891432960.0,291.46435546875,291.46435546875,231.59295654296875,231.59295654296875,171.4563446044922,171.4563446044922,187.0282745361328,187.0282745361328,215.8330993652344,215.76119995117188,147.7826385498047,147.73341369628906,-341.1533203125,-341.0271301269531,262.3013916015625,262.21435546875,262.3013916015625,262.21435546875
3,3,3,0.4480775594711303,0.4480775594711303,1896,1896,39660745,39660745,1040209805312.0,1040209805312.0,3.356990419018711e+17,3.353999060196393e+17,15.444534301757812,15.444534301757812,216.03677368164065,216.03677368164065,62.40201568603516,62.40201568603516,-377990447104.0,-1017247760384.0,-2769934090240.0,-3202073493504.0,1022021271552.0,2109884596224.0,113.8000717163086,113.8000717163086,15.329705238342283,15.329705238342283,216.1879425048828,216.1879425048828,62.393165588378906,62.393165588378906,457.2351379394531,457.085693359375,347.1393127441406,346.96875,516.4854736328125,516.2103881835938,127.95564270019533,127.90872955322266,127.95564270019533,127.90872955322266
4,4,4,0.3113084137439728,0.3113084137439728,2381,2381,665303610,665303610,1306297237504.0,1306297237504.0,4.1464339266063565e+17,4.143951779106652e+17,150.66883850097656,150.66883850097656,122.7524185180664,122.7524185180664,151.70086669921875,151.70086669921875,-162879553536.0,-221868572672.0,244539162624.0,323400335360.0,236997591040.0,301114785792.0,187.31005859375,187.31005859375,150.65655517578125,150.65655517578125,122.73975372314452,122.73975372314452,151.70574951171875,151.70574951171875,-577.3935546875,-577.2454833984375,-65.00695037841797,-64.98615264892578,467.248779296875,467.02349853515625,162.18008422851562,162.1842803955078,162.18008422851562,162.1842803955078
5,5,5,0.2767899334430694,0.2767899334430694,2799,2799,87679686,87679686,1535626182656.0,1535626182656.0,4.743253648526541e+17,4.73991285116502e+17,16.522262573242188,16.522262573242188,167.665771484375,167.665771484375,174.40240478515625,174.40240478515625,158333616128.0,-111821307904.0,1296857432064.0,1617815535616.0,1294468644864.0,1582824292352.0,171.028076171875,171.028076171875,16.495466232299805,16.495466232299805,167.69532775878906,167.69532775878906,174.34326171875,174.34326171875,-431.8331604003906,-431.6516723632813,588.7080078125,588.4783935546875,-6.344405651092529,-6.326903343200684,167.99232482910156,167.9844970703125,167.99232482910156,167.9844970703125
6,6,6,0.272065669298172,0.272065669298172,1626,1626,308753128,308753128,892078653440.0,892078653440.0,8.048892407762125e+16,8.043962644299776e+16,69.83865356445312,69.83865356445312,108.58715057373048,108.58715057373048,182.7255096435547,182.7255096435547,258966962176.0,164657627136.0,-381609050112.0,-302160052224.0,46885896192.0,73334521856.0,122.6841278076172,122.6841278076172,69.8263931274414,69.8263931274414,108.54222106933594,108.54222106933594,182.8290557861328,182.8290557861328,-162.26234436035156,-162.23379516601562,-286.73797607421875,-286.6126708984375,-128.31195068359375,-128.28883361816406,135.9421844482422,135.91339111328125,135.9421844482422,135.91339111328125
7,7,7,0.2715418338775635,0.2715418338775635,2591,2591,703679206,703679206,1421510311936.0,1421510311936.0,3.254279196712632e+17,3.252007674409124e+17,164.47718811035156,164.47718811035156,20.09305000305176,20.09305000305176,175.33926391601562,175.33926391601562,347170701312.0,679887044608.0,-41136611328.0,-200306032640.0,-1317939445760.0,-1350371377152.0,167.2230682373047,167.2230682373047,164.50372314453125,164.50372314453125,20.14382743835449,20.14382743835449,175.3505096435547,175.3505096435547,-179.17666625976562,-179.09085083007812,-28.39839744567871,-28.36271095275879,-593.342041015625,-593.1463012695312,155.8810272216797,155.82266235351562,155.8810272216797,155.82266235351562
8,8,8,0.2561566829681396,0.2561566829681396,1092,1092,734871847,734871847,599108157440.0,599108157440.0,7.136523671987814e+16,7.132828711623066e+16,170.09371948242188,170.09371948242188,217.7862091064453,217.7862091064453,65.40626525878906,65.40626525878906,-3428464384.0,3583259904.0,-35918766080.0,-37947645952.0,11052995584.0,4715629056.0,140.97122192382812,140.97122192382812,170.09747314453125,170.09747314453125,217.77944946289065,217.77944946289065,65.41122436523438,65.41122436523438,-187.9851531982422,-187.94456481933597,186.21807861328125,186.15798950195312,-353.7141418457031,-353.6112060546875,119.87347412109376,119.85552978515624,119.87347412109376,119.85552978515624
9,9,9,0.2417452484369278,0.2417452484369278,5220,5220,820723406,820723406,2863868674048.0,2863868674048.0,1.531701198791377e+18,1.5308409683815956e+18,197.70079040527344,197.70079040527344,190.41860961914065,190.41860961914065,166.978515625,166.978515625,-521536634880.0,-277379383296.0,-928227393536.0,-1008875339776.0,172877201408.0,129534640128.0,233.0686492919922,233.0686492919922,197.6937561035156,197.6937561035156,190.40750122070312,190.40750122070312,166.96469116210938,166.96469116210938,193.7398223876953,193.699462890625,650.074462890625,649.8566284179688,-693.9390869140625,-693.7570190429688,206.55052185058597,206.5107879638672,206.55052185058597,206.5107879638672
10,10,10,0.2325867265462875,0.2325867265462875,1116,1116,147845154,147845154,612275388416.0,612275388416.0,1.5607057314165555e+17,1.5593443985824154e+17,43.6865234375,43.6865234375,4.917261123657227,4.917261123657227,18.139591217041016,18.139591217041016,-529724473344.0,-606651482112.0,-175421571072.0,-286340317184.0,340869808128.0,270801960960.0,137.63372802734375,137.63372802734375,43.65415573120117,43.65415573120117,4.946152687072754,4.946152687072754,18.131502151489254,18.131502151489254,358.6250915527344,358.47149658203125,292.6216125488281,292.5044250488281,496.1973876953125,495.9888000488281,128.2626495361328,128.18597412109375,128.2626495361328,128.18597412109375
11,11,11,0.2232489436864853,0.2232489436864853,11572,11572,161068636,161068636,6348791087104.0,6348791087104.0,1.4982357756936192e+18,1.4972312343826924e+18,29.268115997314453,29.268115997314453,147.71914672851562,147.71914672851562,158.28826904296875,158.28826904296875,3638809067520.0,549373706240.0,11810913648640.0,12175677587456.0,12088386781184.0,9804108005376.0,231.39817810058597,231.39817810058597,29.34071922302246,29.34071922302246,147.86607360839844,147.86607360839844,158.2136688232422,158.2136688232422,-245.42930603027344,-245.32456970214844,-208.10630798339844,-208.03810119628903,463.9425659179688,463.8084411621094,225.9709930419922,225.88819885253903,225.9709930419922,225.88819885253903
12,12,12,0.2198215872049331,0.2198215872049331,3233,3233,981772735,981772735,1773733281792.0,1773733281792.0,2.975191191026401e+17,2.97236853851947e+17,232.3354034423828,232.3354034423828,73.67414855957031,73.67414855957031,119.59266662597656,119.59266662597656,-261118427136.0,-252561031168.0,-90720518144.0,16200689664.0,-404909522944.0,-415369920512.0,204.5405120849609,204.5405120849609,232.3225250244141,232.3225250244141,73.67601776123047,73.67601776123047,119.58851623535156,119.58851623535156,4.210127353668213,4.210643768310547,-237.8943328857422,-237.81146240234372,433.7122497558594,433.4801635742188,173.92955017089844,173.8551788330078,173.92955017089844,173.8551788330078
13,13,13,0.2196868956089019,0.2196868956089019,1017,1017,124053426,124053426,557960658944.0,557960658944.0,2.653070018215936e+17,2.651378144698696e+17,41.94171142578125,41.94171142578125,87.49214935302734,87.49214935302734,234.2374267578125,234.2374267578125,203163795456.0,3219270144.0,-937690660864.0,-1073892294656.0,-847736078336.0,-991202836480.0,102.03751373291016,102.03751373291016,41.91115188598633,41.91115188598633,87.4677734375,87.4677734375,234.30096435546875,234.30096435546875,678.6417846679688,678.3154907226562,581.7297973632812,581.6286010742188,-127.94253540039062,-127.8647918701172,212.6457977294922,212.62538146972656,212.6457977294922,212.62538146972656
14,14,14,0.2131753116846084,0.2131753116846084,1127,1127,833528917,833528917,618310336512.0,618310336512.0,1.700563266872279e+17,1.699610814924718e+17,197.06430053710935,197.06430053710935,225.2115936279297,225.2115936279297,31.637531280517575,31.637531280517575,61628280832.0,-13175945216.0,138766778368.0,141081657344.0,316642885632.0,314924793856.0,134.7904815673828,134.7904815673828,197.0593414306641,197.0593414306641,225.1792755126953,225.1792755126953,31.648805618286133,31.648805618286133,-25.24140167236328,-25.20211410522461,-326.6016540527344,-326.4712219238281,632.01318359375,631.8311767578125,120.16854095458984,120.18119049072266,120.16854095458984,120.18119049072266
15,15,15,0.2099930495023727,0.2099930495023727,3583,3583,173139122,173139122,1965755072512.0,1965755072512.0,3.1176088705879245e+17,3.1153871699050496e+17,43.74102783203125,43.74102783203125,28.363300323486328,28.363300323486328,50.41044235229492,50.41044235229492,122456743936.0,14411197440.0,-19034230784.0,13044335616.0,-904823767040.0,-1059991126016.0,185.40042114257807,185.40042114257807,43.7413215637207,43.7413215637207,28.38667106628418,28.38667106628418,50.416603088378906,50.416603088378906,293.75347900390625,293.68572998046875,-308.2416381835937,-308.1361999511719,222.3177947998047,222.2015838623047,169.7672882080078,169.69894409179688,169.7672882080078,169.69894409179688
16,16,16,0.207476407289505,0.207476407289505,1405,1405,781421298,781421298,770830565376.0,770830565376.0,1.087085170697175e+17,1.08715938773205e+17,182.1529083251953,182.1529083251953,54.22804260253906,54.22804260253906,179.7233428955078,179.7233428955078,42016583680.0,13050081280.0,23099869184.0,31069501440.0,-152556158976.0,-138476847104.0,158.02308654785156,158.02308654785156,182.1513214111328,182.1513214111328,54.23729705810547,54.23729705810547,179.71456909179688,179.71456909179688,-176.635009765625,-176.5967559814453,-32.45289611816406,-32.421119689941406,-441.864013671875,-441.9105529785156,134.8562469482422,134.84844970703125,134.8562469482422,134.84844970703125
17,17,17,0.2006174921989441,0.2006174921989441,1250,1250,109834379,109834379,685792296960.0,685792296960.0,3.45768953504596e+17,3.457703966136074e+17,23.666879653930664,23.666879653930664,198.16232299804688,198.16232299804688,48.75741958618164,48.75741958618164,-50680287232.0,-89015926784.0,196887068672.0,217304268800.0,-80094470144.0,-74156990464.0,150.2164306640625,150.2164306640625,23.65886116027832,23.65886116027832,198.1558074951172,198.1558074951172,48.74837875366211,48.74837875366211,-128.2246551513672,-128.19419860839844,465.9482116699219,465.9005432128906,853.8600463867188,853.8746337890625,123.49331665039062,123.53583526611328,123.49331665039062,123.53583526611328
18,18,18,0.1985029578208923,0.1985029578208923,1142,1142,292222578,292222578,626539888640.0,626539888640.0,2.807087545450496e+17,2.8062711580668723e+17,58.72886657714844,58.72886657714844,182.90272521972656,182.90272521972656,162.0225067138672,162.0225067138672,-79111708672.0,-63375474688.0,-91653578752.0,-68762165248.0,-142430093312.0,-167033372672.0,141.58322143554688,141.58322143554688,58.74136734008789,58.74136734008789,182.89923095703125,182.89923095703125,162.02891540527344,162.02891540527344,-713.0466918945312,-712.8951416015625,576.5025634765625,576.4661865234375,48.61378479003906,48.60712432861328,132.7983856201172,132.79598999023438,132.7983856201172,132.79598999023438
19,19,19,0.1844528317451477,0.1844528317451477,3988,3988,174932113,174932113,2187951865856.0,2187951865856.0,9.899424765695754e+17,9.89361865710633e+17,34.033836364746094,34.033836364746094,211.6054534912109,211.6054534912109,57.22862243652344,57.22862243652344,-944963452928.0,-2302142316544.0,8422925795328.0,9530748436480.0,-4498245812224.0,-4749988986880.0,199.5482940673828,199.5482940673828,34.10285949707031,34.10285949707031,211.6962890625,211.6962890625,57.25357437133789,57.25357437133789,-466.9505310058594,-466.75,51.58992004394531,51.5380859375,713.4700927734375,713.27392578125,241.6329498291016,241.5927734375,241.6329498291016,241.5927734375
20,20,20,0.1842585802078247,0.1842585802078247,2369,2369,745355450,745355450,1299713622016.0,1299713622016.0,2.024405553337336e+18,2.0233342166950216e+18,188.61573791503903,188.61573791503903,205.97003173828125,205.97003173828125,47.44300842285156,47.44300842285156,149988769792.0,-63549161472.0,-863271976960.0,-878822227968.0,-822335242240.0,-765905666048.0,186.1817626953125,186.1817626953125,188.61978149414065,188.61978149414065,205.97325134277344,205.97325134277344,47.46120834350586,47.46120834350586,122.88441467285156,122.87831115722656,-1071.58544921875,-1071.29345703125,-1201.9759521484375,-1201.6923828125,411.1018981933594,410.9641418457031,411.1018981933594,410.9641418457031
21,21,21,0.1803330779075622,0.1803330779075622,1220,1220,472989890,472989890,669333323776.0,669333323776.0,1.433722360430592e+17,1.4330270911247155e+17,105.10780334472656,105.10780334472656,16.621206283569336,16.621206283569336,55.50833511352539,55.50833511352539,-37845164032.0,6547643392.0,77518864384.0,114149089280.0,-308325220352.0,-312907595776.0,129.40313720703125,129.40313720703125,105.10831451416016,105.10831451416016,16.612443923950195,16.612443923950195,55.45429611206055,55.45429611206055,-360.8488464355469,-360.7655334472656,-290.6866760253906,-290.5160217285156,409.130859375,409.0872802734375,124.23690795898438,124.2197494506836,124.23690795898438,124.2197494506836
22,22,22,0.1762302815914154,0.1762302815914154,2251,2251,821475803,821475803,1234974801920.0,1234974801920.0,4.6745152739344384e+17,4.672019382539387e+17,199.64089965820312,199.64089965820312,96.49891662597656,96.49891662597656,117.99305725097656,117.99305725097656,1482100834304.0,1224471871488.0,64770170880.0,89327329280.0,-8289720832.0,-45403697152.0,164.7752227783203,164.7752227783203,199.6368408203125,199.6368408203125,96.50959014892578,96.50959014892578,118.02713012695312,118.02713012695312,245.6598358154297,245.5001373291016,-747.72900390625,-747.564697265625,-262.4584350585937,-262.3775939941406,151.31658935546875,151.27511596679688,151.31658935546875,151.27511596679688
23,23,23,0.1752151697874069,0.1752151697874069,1181,1181,126761087,126761087,647936606208.0,647936606208.0,1.7007658175299584e+17,1.6996898423229645e+17,34.527122497558594,34.527122497558594,228.3294219970703,228.3294219970703,45.311519622802734,45.311519622802734,-440490688512.0,-428652789760.0,-272633282560.0,-153332613120.0,447235883008.0,449819443200.0,133.05694580078125,133.05694580078125,34.4786376953125,34.4786376953125,228.3353271484375,228.3353271484375,45.29701232910156,45.29701232910156,191.744384765625,191.6442108154297,76.1910171508789,76.17938995361328,661.6278686523438,661.4382934570312,122.00637817382812,121.95018768310548,122.00637817382812,121.95018768310548
24,24,24,0.1731528341770172,0.1731528341770172,1505,1505,1008401972,1008401972,825693962240.0,825693962240.0,8.076966890989158e+16,8.069025496458854e+16,243.26202392578125,243.26202392578125,186.06146240234372,186.06146240234372,148.22268676757812,148.22268676757812,-217268813824.0,-220833398784.0,286252400640.0,320850067456.0,486856622080.0,388018700288.0,131.40638732910156,131.40638732910156,243.2145233154297,243.2145233154297,186.02029418945312,186.02029418945312,148.21356201171875,148.21356201171875,143.89144897460938,143.82395935058594,264.337646484375,264.1736145019531,227.00750732421875,226.95074462890625,133.577880859375,133.5023956298828,133.577880859375,133.5023956298828
25,25,25,0.1717335879802703,0.1717335879802703,1550,1550,509081601,509081601,850382487552.0,850382487552.0,5.953259666543739e+17,5.948432123303035e+17,126.32659149169922,126.32659149169922,117.6111297607422,117.6111297607422,11.99942398071289,11.99942398071289,458214866944.0,459761188864.0,-71503806464.0,8884255744.0,-145168809984.0,-167528022016.0,167.78115844726562,167.78115844726562,126.31808471679688,126.31808471679688,117.6101531982422,117.6101531982422,11.99582290649414,11.99582290649414,445.3918151855469,445.2677612304688,-283.0201416015625,-282.8292541503906,1001.9580688476562,1001.5182495117188,198.11001586914065,198.08001708984372,198.11001586914065,198.08001708984372
26,26,26,0.1711200922727584,0.1711200922727584,1038,1038,714140380,714140380,569481953280.0,569481953280.0,1.5930186601699738e+17,1.5918184745087795e+17,163.20721435546875,163.20721435546875,12.242399215698242,12.242399215698242,169.86380004882812,169.86380004882812,1254235570176.0,1411089563648.0,808134049792.0,1201750671360.0,1991520944128.0,2033799921664.0,105.12262725830078,105.12262725830078,163.09732055664062,163.09732055664062,12.284451484680176,12.284451484680176,169.88719177246094,169.88719177246094,-242.64035034179688,-242.62657165527344,-85.79692077636719,-85.7411117553711,-674.266357421875,-673.9639892578125,113.41934204101562,113.4228744506836,113.41934204101562,113.4228744506836
27,27,27,0.1695808619260788,0.1695808619260788,1030,1030,104636610,104636610,565092876288.0,565092876288.0,2.1348160714571776e+17,2.13374628100309e+17,22.97047233581543,22.97047233581543,204.5772399902344,204.5772399902344,58.575714111328125,58.575714111328125,220605595648.0,180840579072.0,345941737472.0,229026955264.0,1507276488704.0,1741637025792.0,111.56028747558594,111.56028747558594,22.966632843017575,22.966632843017575,204.5054626464844,204.5054626464844,58.53805160522461,58.53805160522461,-753.3724975585938,-753.1332397460938,-182.4646148681641,-182.4951019287109,-183.5518341064453,-183.5563507080078,200.83839416503903,200.81271362304688,200.83839416503903,200.81271362304688
28,28,28,0.169025182723999,0.169025182723999,2292,2292,858117092,858117092,1257468854272.0,1257468854272.0,1.1505764696431002e+17,1.1496978911330304e+17,204.22332763671875,204.22332763671875,104.3106460571289,104.3106460571289,2.050384521484375,2.050384521484375,-1466731855872.0,-1384466481152.0,-737367556096.0,-621574619136.0,-259158278144.0,-16798167040.0,139.66741943359375,139.66741943359375,204.0958709716797,204.0958709716797,104.36322021484376,104.36322021484376,2.0657455921173096,2.0657455921173096,19.276121139526367,19.27623176574707,315.39794921875,315.3007507324219,119.76029205322266,119.69473266601562,151.44729614257812,151.3782196044922,151.44729614257812,151.3782196044922
29,29,29,0.1685310751199722,0.1685310751199722,1382,1382,260195356,260195356,758212001792.0,758212001792.0,3.149507764494008e+17,3.147617291689001e+17,62.210968017578125,62.210968017578125,30.162925720214844,30.162925720214844,14.780391693115234,14.780391693115234,561192239104.0,587712626688.0,-350718525440.0,-216719425536.0,542612389888.0,496328802304.0,146.49696350097656,146.49696350097656,62.18739700317383,62.18739700317383,30.169885635375977,30.169885635375977,14.782758712768556,14.782758712768556,-130.7837677001953,-130.7768096923828,-388.1853332519531,-388.05804443359375,770.1799926757812,769.927734375,152.53733825683594,152.52688598632812,152.53733825683594,152.52688598632812
30,30,30,0.1681740880012512,0.1681740880012512,1504,1504,222230328,222230328,825145294848.0,825145294848.0,5.274875079698678e+17,5.2714253619665306e+17,52.85542678833008,52.85542678833008,232.7761993408203,232.7761993408203,187.51898193359372,187.51898193359372,-661942566912.0,-794758348800.0,-239794094080.0,-232528805888.0,-360714141696.0,-358279118848.0,166.95355224609375,166.95355224609375,52.855445861816406,52.855445861816406,232.7512969970703,232.7512969970703,187.5269012451172,187.5269012451172,-40.61411666870117,-40.61348724365234,-336.14434814453125,-336.030029296875,-1051.429443359375,-1051.0865478515625,139.5063018798828,139.46043395996094,139.5063018798828,139.46043395996094
31,31,31,0.1552273333072662,0.1552273333072662,1771,1771,392305117,392305117,971630575616.0,971630575616.0,1.823663386127237e+17,1.8223747241397453e+17,90.927734375,90.927734375,38.0525016784668,38.0525016784668,117.00103759765624,117.00103759765624,2419287130112.0,2462345854976.0,1998914060288.0,1737897279488.0,-1045130903552.0,-605082025984.0,118.05471801757812,118.05471801757812,91.08866119384766,91.08866119384766,38.08198928833008,38.08198928833008,116.99959564208984,116.99959564208984,-76.07522583007812,-76.03472900390625,481.2306213378906,481.0977783203125,-303.7547302246094,-303.5908508300781,123.4838409423828,123.44100189208984,123.4838409423828,123.44100189208984
32,32,32,0.1545621007680893,0.1545621007680893,1316,1316,1001249828,1001249828,722002182144.0,722002182144.0,6.04986988780585e+16,6.047347024016179e+16,231.7714080810547,231.7714080810547,221.6427001953125,221.6427001953125,13.753541946411133,13.753541946411133,-123419074560.0,-116895342592.0,105919897600.0,81793695744.0,-33281929216.0,-27473661952.0,146.96554565429688,146.96554565429688,231.77120971679688,231.77120971679688,221.64366149902344,221.64366149902344,13.768438339233398,13.768438339233398,-263.9864501953125,-263.9200744628906,-77.16354370117188,-77.1245346069336,205.06475830078125,205.02442932128903,128.95904541015625,128.94317626953125,128.95904541015625,128.94317626953125
33,33,33,0.1536080241203308,0.1536080241203308,1294,1294,962994974,962994974,709932220416.0,709932220416.0,7.48777039242199e+16,7.483641210863616e+16,233.04415893554688,233.04415893554688,103.11112213134766,103.11112213134766,192.29022216796875,192.29022216796875,-637949247488.0,-559880339456.0,88072388608.0,122585841664.0,-23798480896.0,26334373888.0,134.84567260742188,134.84567260742188,233.0736083984375,233.0736083984375,103.07129669189452,103.07129669189452,192.27198791503903,192.27198791503903,268.1378479003906,268.0421142578125,89.7875747680664,89.75704193115234,-286.33123779296875,-286.2662658691406,127.7992706298828,127.77017974853516,127.7992706298828,127.77017974853516
34,34,34,0.1532264649868011,0.1532264649868011,1008,1008,1038225693,1038225693,553022914560.0,553022914560.0,8.125625434479002e+16,8.122323463621837e+16,5.9575958251953125,5.9575958251953125,25.823627471923828,25.823627471923828,72.80268859863281,72.80268859863281,-174861205504.0,-138488053760.0,239648391168.0,225324400640.0,87901511680.0,61077929984.0,130.32347106933594,130.32347106933594,5.934955596923828,5.934955596923828,25.819297790527344,25.819297790527344,72.77233123779297,72.77233123779297,358.31378173828125,358.3208923339844,-309.625244140625,-309.5242614746094,169.04510498046875,168.9490509033203,116.94634246826172,116.90426635742188,116.94634246826172,116.90426635742188
35,35,35,0.1520022600889206,0.1520022600889206,1083,1083,462343963,462343963,594170478592.0,594170478592.0,3.1474856938910515e+17,3.145774922517709e+17,110.82193756103516,110.82193756103516,246.0640106201172,246.0640106201172,199.6281280517578,199.6281280517578,-57161064448.0,-62356303872.0,109670440960.0,101719670784.0,128771579904.0,154194116608.0,144.05548095703125,144.05548095703125,110.81978607177734,110.81978607177734,246.05645751953125,246.05645751953125,199.6234893798828,199.6234893798828,-894.818603515625,-894.6001586914062,-383.9563903808594,-383.740966796875,98.22549438476562,98.18402862548828,184.10531616210935,184.0949859619141,184.10531616210935,184.0949859619141
36,36,36,0.1518308222293853,0.1518308222293853,1128,1128,50461237,50461237,618859003904.0,618859003904.0,6.733525602113946e+16,6.728566632873984e+16,6.897213935852051,6.897213935852051,24.546329498291016,24.546329498291016,137.6574249267578,137.6574249267578,734217568256.0,470008070144.0,-744876015616.0,-525687947264.0,-2065809801216.0,-1990006669312.0,86.29033660888672,86.29033660888672,6.816232204437256,6.816232204437256,24.512237548828125,24.512237548828125,137.47515869140625,137.47515869140625,-287.541259765625,-287.4405212402344,-304.1544494628906,-304.0257568359375,-90.2143096923828,-90.18938446044922,106.89942169189452,106.86888885498048,106.89942169189452,106.86888885498048
37,37,37,0.1512372642755508,0.1512372642755508,3677,3677,279782118,279782118,2017326661632.0,2017326661632.0,8.341744581041193e+17,8.337518333221929e+17,63.74931335449219,63.74931335449219,217.93931579589844,217.93931579589844,174.1815948486328,174.1815948486328,449660452864.0,1716526776320.0,2179192586240.0,840542322688.0,12390349406208.0,11913122545664.0,152.7958984375,152.7958984375,63.86418914794922,63.86418914794922,218.02078247070312,218.02078247070312,174.25352478027344,174.25352478027344,14.371489524841309,14.37559413909912,485.348388671875,485.2560729980469,-708.1162109375,-707.8720092773438,173.02374267578125,173.03936767578125,173.02374267578125,173.03936767578125
38,38,38,0.1511519700288772,0.1511519700288772,1559,1559,962656213,962656213,855320166400.0,855320166400.0,1.1486712221505946e+17,1.1481004209969562e+17,236.04429626464844,236.04429626464844,14.057886123657228,14.057886123657228,5.453521728515625,5.453521728515625,183318315008.0,164487430144.0,-476825747456.0,-483046064128.0,149892759552.0,71903330304.0,133.7863006591797,133.7863006591797,236.061279296875,236.061279296875,14.093463897705078,14.093463897705078,5.446996212005615,5.446996212005615,283.97869873046875,283.85369873046875,-97.08021545410156,-97.06006622314452,367.9183044433594,367.8558654785156,119.94732666015624,119.9297866821289,119.94732666015624,119.9297866821289
39,39,39,0.1503802686929702,0.1503802686929702,2709,2709,783081179,783081179,1486249132032.0,1486249132032.0,7.307392761106268e+17,7.304320313301402e+17,188.27310180664065,188.27310180664065,202.9893341064453,202.9893341064453,168.8999786376953,168.8999786376953,-718177566720.0,-825200738304.0,-579569254400.0,-706083553280.0,-613028724736.0,-595743801344.0,196.87060546875,196.87060546875,188.28121948242188,188.28121948242188,202.98146057128903,202.98146057128903,168.89334106445312,168.89334106445312,181.2836761474609,181.23817443847656,-241.0015411376953,-240.9375915527344,-900.3001098632812,-900.0606689453125,165.17434692382812,165.2399139404297,165.17434692382812,165.2399139404297
40,40,40,0.1490833312273025,0.1490833312273025,4998,4998,188073606,188073606,2742072115200.0,2742072115200.0,9.876827740160655e+17,9.869948233344614e+17,34.04087829589844,34.04087829589844,100.21568298339844,100.21568298339844,160.03273010253906,160.03273010253906,2153412820992.0,2645292744704.0,8310126280704.0,9550295990272.0,-7669344632832.0,-6589866573824.0,177.24789428710938,177.24789428710938,34.028587341308594,34.028587341308594,100.3124008178711,100.3124008178711,159.92739868164062,159.92739868164062,-661.8477172851562,-661.612060546875,373.2347717285156,373.0983581542969,133.97935485839844,133.9433135986328,204.20127868652344,204.1372833251953,204.20127868652344,204.1372833251953
41,41,41,0.1476633846759796,0.1476633846759796,1454,1454,919790271,919790271,797713629184.0,797713629184.0,1.7949659608435917e+17,1.7943914660180787e+17,219.0630340576172,219.0630340576172,45.444244384765625,45.444244384765625,161.68994140625,161.68994140625,692567080960.0,708785012736.0,-21402490880.0,-124451201024.0,-219206352896.0,-194023718912.0,128.79881286621094,128.79881286621094,219.019775390625,219.019775390625,45.45805358886719,45.45805358886719,161.77377319335938,161.77377319335938,47.46908187866211,47.45133209228516,-55.45809173583984,-55.43150329589844,-625.6755981445312,-625.50830078125,133.20260620117188,133.29006958007812,133.20260620117188,133.29006958007812
42,42,42,0.145719364285469,0.145719364285469,2075,2075,971769154,971769154,1138415239168.0,1138415239168.0,2.611234975168594e+17,2.609569558649897e+17,243.00894165039065,243.00894165039065,199.86471557617188,199.86471557617188,77.66572570800781,77.66572570800781,-66636271616.0,-58122350592.0,-16778008576.0,8123163136.0,-470118891520.0,-406082158592.0,164.42982482910156,164.42982482910156,243.01107788085935,243.01107788085935,199.88661193847656,199.88661193847656,77.6571273803711,77.6571273803711,536.5326538085938,536.3244018554688,295.02667236328125,294.9341125488281,-149.42776489257812,-149.39910888671875,143.19268798828125,143.18569946289062,143.19268798828125,143.18569946289062
43,43,43,0.1450133919715881,0.1450133919715881,1023,1023,1047918397,1047918397,561252466688.0,561252466688.0,4.375308610641592e+17,4.3724694654602445e+17,1.92041015625,1.92041015625,110.96946716308594,110.96946716308594,194.3994903564453,194.3994903564453,-99196575744.0,-121218146304.0,-333961560064.0,-324507992064.0,-47536328704.0,-92541673472.0,137.93362426757812,137.93362426757812,1.92741334438324,1.92741334438324,110.97244262695312,110.97244262695312,194.39703369140625,194.39703369140625,162.82449340820312,162.7186737060547,1119.5457763671875,1119.158203125,-471.18798828125,-471.0958557128906,138.0948486328125,138.06729125976562,138.0948486328125,138.06729125976562
44,44,44,0.1449283063411712,0.1449283063411712,1369,1369,941494856,941494856,751079718912.0,751079718912.0,8.822057817499238e+16,8.816241572786995e+16,229.6682281494141,229.6682281494141,226.8411407470703,226.8411407470703,148.0775604248047,148.0775604248047,135449280512.0,172236652544.0,763366801408.0,653800767488.0,-191795232768.0,-185491537920.0,106.13510131835938,106.13510131835938,229.6770477294922,229.6770477294922,226.8395538330078,226.8395538330078,147.97657775878906,147.97657775878906,377.9868774414063,377.8522033691406,184.4639587402344,184.44825744628903,138.43209838867188,138.3843994140625,113.80127716064452,113.7513427734375,113.80127716064452,113.7513427734375
45,45,45,0.1442812830209732,0.1442812830209732,5907,5907,782629311,782629311,3240780103680.0,3240780103680.0,1.319821047511384e+18,1.3190765407004262e+18,195.67637634277344,195.67637634277344,90.16806030273438,90.16806030273438,115.13258361816406,115.13258361816406,-1248144261120.0,-1144515985408.0,1642362306560.0,2181871960064.0,-3559701610496.0,-3334857293824.0,237.13458251953125,237.13458251953125,195.69854736328125,195.69854736328125,90.15714263916016,90.15714263916016,115.14593505859376,115.14593505859376,677.2136840820312,677.01416015625,-139.43521118164062,-139.41685485839844,453.8126831054688,453.6488342285156,208.56793212890625,208.53955078125,208.56793212890625,208.53955078125
46,46,46,0.1434383243322372,0.1434383243322372,1628,1628,396197403,396197403,893175922688.0,893175922688.0,4.099832157055222e+17,4.098198695093207e+17,99.91106414794922,99.91106414794922,224.5655975341797,224.5655975341797,142.0811767578125,142.0811767578125,-109628211200.0,15384595456.0,1218555805696.0,1193688563712.0,31821854720.0,152537366528.0,153.46868896484375,153.46868896484375,99.9253387451172,99.9253387451172,224.5911102294922,224.5911102294922,142.0716552734375,142.0716552734375,523.5971069335938,523.4202270507812,589.5411376953125,589.4558715820312,489.3541564941406,489.2075500488281,137.6643829345703,137.74114990234375,137.6643829345703,137.74114990234375
47,47,47,0.1418658941984176,0.1418658941984176,2247,2247,1017801002,1017801002,1232780263424.0,1232780263424.0,3.636472874501407e+17,3.633276731638416e+17,244.57752990722656,244.57752990722656,179.72732543945312,179.72732543945312,69.13396453857422,69.13396453857422,-12534469632.0,-53463977984.0,-415749439488.0,-398062026752.0,295946715136.0,238880686080.0,191.3295440673828,191.3295440673828,244.5704040527344,244.5704040527344,179.7244110107422,179.7244110107422,69.13783264160156,69.13783264160156,257.99542236328125,257.8405456542969,638.0764770507812,637.859619140625,-204.7552032470703,-204.6250457763672,157.41131591796875,157.2961883544922,157.41131591796875,157.2961883544922
48,48,48,0.1375721544027328,0.1375721544027328,1019,1019,162951801,162951801,559057928192.0,559057928192.0,1.310212071798866e+17,1.3097082721350451e+17,30.75971221923828,30.75971221923828,108.90899658203124,108.90899658203124,164.1935577392578,164.1935577392578,-700605399040.0,-704622493696.0,1054073028608.0,1048124850176.0,273654218752.0,451653795840.0,101.95184326171876,101.95184326171876,30.68047332763672,30.68047332763672,108.86803436279295,108.86803436279295,164.19139099121094,164.19139099121094,-591.7266235351562,-591.5908813476562,271.5052795410156,271.50323486328125,76.46702575683594,76.42424774169922,114.04489135742188,114.02741241455078,114.04489135742188,114.02741241455078
49,49,49,0.1373674422502517,0.1373674422502517,1345,1345,233847475,233847475,737912553472.0,737912553472.0,7.188613035353702e+16,7.181619540105626e+16,60.33245468139648,60.33245468139648,5.140594482421875,5.140594482421875,167.6810302734375,167.6810302734375,-250325434368.0,-256271368192.0,634242203648.0,529902338048.0,424613707776.0,460012453888.0,137.54844665527344,137.54844665527344,60.29899215698242,60.29899215698242,5.149423599243164,5.149423599243164,167.70005798339844,167.70005798339844,181.4321746826172,181.3897705078125,-214.8338928222656,-214.684814453125,-263.4404296875,-263.3012084960937,124.31727600097656,124.26793670654295,124.31727600097656,124.26793670654295
50,50,50,0.1369507163763046,0.1369507163763046,1312,1312,1009564053,1009564053,719807643648.0,719807643648.0,2.7518319321939968e+17,2.7498524676666163e+17,1.8414306640625,1.8414306640625,213.90452575683597,213.90452575683597,102.31427001953124,102.31427001953124,494382284800.0,433980669952.0,303874572288.0,252408365056.0,-65642618880.0,-75626184704.0,133.4814910888672,133.4814910888672,1.843706727027893,1.843706727027893,213.9010162353516,213.9010162353516,102.3603744506836,102.3603744506836,579.6932983398438,579.4598999023438,611.8919677734375,611.6680297851562,-73.17987060546875,-73.15019226074219,127.52864837646484,127.52716827392578,127.52864837646484,127.52716827392578
51,51,51,0.135617971420288,0.135617971420288,1622,1622,360849300,360849300,889884114944.0,889884114944.0,1.788308246138716e+17,1.7876322182863258e+17,83.81897735595703,83.81897735595703,24.609569549560547,24.609569549560547,224.25265502929688,224.25265502929688,-156124463104.0,-142515093504.0,196825825280.0,237644513280.0,-193816739840.0,-193221967872.0,159.42861938476562,159.42861938476562,83.81167602539062,83.81167602539062,24.61214256286621,24.61214256286621,224.2696228027344,224.2696228027344,-215.14749145507807,-215.10841369628903,-546.1931762695312,-546.1149291992188,-26.650768280029297,-26.635183334350582,137.34829711914062,137.2890167236328,137.34829711914062,137.2890167236328
52,52,52,0.1349664330482483,0.1349664330482483,1074,1074,866973975,866973975,589232734208.0,589232734208.0,2.6014330008056627e+17,2.6002639107076915e+17,203.7068328857422,203.7068328857422,215.0890655517578,215.0890655517578,56.48201751708984,56.48201751708984,-321111359488.0,-253091266560.0,-412291923968.0,-422502957056.0,1250894020608.0,1081345048576.0,112.27442932128906,112.27442932128906,203.626220703125,203.626220703125,215.0503387451172,215.0503387451172,56.45191955566406,56.45191955566406,-206.13096618652344,-206.05291748046875,367.8376159667969,367.6730346679688,-815.9296875,-815.7858276367188,114.67958068847656,114.66666412353516,114.67958068847656,114.66666412353516
53,53,53,0.1347245275974273,0.1347245275974273,1029,1029,48217851,48217851,564544208896.0,564544208896.0,1.5971450929492787e+17,1.5975436659143475e+17,17.964550018310547,17.964550018310547,247.21929931640625,247.21929931640625,178.82901000976562,178.82901000976562,-129140875264.0,-142546862080.0,174419279872.0,203358568448.0,121940942848.0,111568936960.0,146.6824188232422,146.6824188232422,17.959142684936523,17.959142684936523,247.2146759033203,247.2146759033203,178.82144165039062,178.82144165039062,293.54132080078125,293.46392822265625,-144.8881378173828,-144.8664093017578,-642.833740234375,-642.9581909179688,123.04906463623048,123.09359741210938,123.04906463623048,123.09359741210938
54,54,54,0.1320652067661285,0.1320652067661285,1155,1155,137592876,137592876,633672105984.0,633672105984.0,4.039667567978086e+16,4.036105751599514e+16,40.63058853149414,40.63058853149414,56.2266960144043,56.2266960144043,13.289411544799805,13.289411544799805,-447661834240.0,-402896748544.0,-738739617792.0,-786989318144.0,-188781002752.0,-285233971200.0,113.03277587890624,113.03277587890624,40.56085205078125,40.56085205078125,56.176231384277344,56.176231384277344,13.282222747802734,13.282222747802734,197.8885803222656,197.8106384277344,-110.22354888916016,-110.19393157958984,185.9408721923828,185.83135986328125,117.78103637695312,117.7324447631836,117.78103637695312,117.7324447631836
55,55,55,0.1313617825508117,0.1313617825508117,2455,2455,926008517,926008517,1346896134144.0,1346896134144.0,2.5828232511094784e+17,2.581355403086397e+17,227.53175354003903,227.53175354003903,15.98333740234375,15.98333740234375,54.03801345825195,54.03801345825195,-5767359365120.0,-5533461381120.0,-2497760198656.0,-2610866421760.0,77633773568.0,-706096332800.0,124.74939727783205,124.74939727783205,227.4354248046875,227.4354248046875,16.145231246948242,16.145231246948242,53.98641586303711,53.98641586303711,279.2055358886719,279.129150390625,-471.3001098632813,-471.189697265625,137.1269989013672,137.0462188720703,146.78662109375,146.73085021972656,146.78662109375,146.73085021972656
56,56,56,0.1310893446207046,0.1310893446207046,1480,1480,835109086,835109086,811978129408.0,811978129408.0,9.67136440745984e+16,9.66117502704681e+16,200.4832000732422,200.4832000732422,116.85523986816406,116.85523986816406,55.38708114624024,55.38708114624024,-53710270464.0,-38693756928.0,94300733440.0,82456829952.0,148400259072.0,163065200640.0,150.5478973388672,150.5478973388672,200.4736328125,200.4736328125,116.85359191894533,116.85359191894533,55.39381790161133,55.39381790161133,193.3294982910156,193.25059509277344,377.2551574707031,377.06732177734375,-88.11640930175781,-88.06514739990234,130.07064819335938,129.98121643066406,130.07064819335938,129.98121643066406
57,57,57,0.1306049525737762,0.1306049525737762,4626,4626,316102109,316102109,2537980166144.0,2537980166144.0,3.203686337391624e+18,3.202341909548761e+18,70.03739166259766,70.03739166259766,98.44407653808594,98.44407653808594,122.77926635742188,122.77926635742188,-107950481408.0,-194205794304.0,-4680209924096.0,-4173895041024.0,1244341469184.0,874946101248.0,213.9600372314453,213.9600372314453,70.02043914794922,70.02043914794922,98.42717742919922,98.42717742919922,122.76248168945312,122.76248168945312,-1085.873779296875,-1085.626953125,-721.1729736328125,-721.00732421875,807.6795043945312,807.4840698242188,240.1643524169922,240.18588256835935,240.1643524169922,240.18588256835935
58,58,58,0.1295436769723892,0.1295436769723892,2213,2213,921732332,921732332,1214126751744.0,1214126751744.0,3.295645572928635e+17,3.2939227756468634e+17,227.4097137451172,227.4097137451172,3.800338745117188,3.800338745117188,63.16090393066406,63.16090393066406,580363616256.0,434554011648.0,1121301037056.0,1073692213248.0,905397600256.0,1035711414272.0,163.58309936523438,163.58309936523438,227.4371795654297,227.4371795654297,3.780358076095581,3.780358076095581,63.18564987182617,63.18564987182617,345.8211975097656,345.78436279296875,-575.4188232421875,-575.2251586914062,171.3162841796875,171.266357421875,144.72378540039062,144.70262145996094,144.72378540039062,144.70262145996094
59,59,59,0.1292493492364883,0.1292493492364883,1355,1355,1010264388,1010264388,743398899712.0,743398899712.0,2.443999943778632e+17,2.4420278665950003e+17,231.70477294921875,231.70477294921875,114.019287109375,114.019287109375,81.93177795410156,81.93177795410156,-51050078208.0,-63135309824.0,673365819392.0,639468306432.0,-125083107328.0,-206227390464.0,162.4089813232422,162.4089813232422,231.71815490722656,231.71815490722656,113.99462890625,113.99462890625,81.94013977050781,81.94013977050781,-691.6702270507812,-691.3649291992188,-326.65283203125,-326.61053466796875,-16.274831771850586,-16.28174591064453,155.07614135742188,154.9891815185547,155.07614135742188,154.9891815185547
60,60,60,0.1284902244806289,0.1284902244806289,1709,1709,648129627,648129627,937615228928.0,937615228928.0,1.4384578195724698e+17,1.4369882535624704e+17,143.39686584472656,143.39686584472656,24.637943267822266,24.637943267822266,24.607696533203125,24.607696533203125,358694191104.0,356739907584.0,557861502976.0,495604400128.0,153764003840.0,92341411840.0,161.07582092285156,161.07582092285156,143.4095458984375,143.4095458984375,24.66636085510254,24.66636085510254,24.57831573486328,24.57831573486328,-482.5975341796875,-482.3494873046875,-76.86551666259766,-76.84344482421875,111.15345764160156,111.12541198730467,136.2222442626953,136.14332580566406,136.2222442626953,136.14332580566406
61,61,61,0.128187283873558,0.128187283873558,1113,1113,243621074,243621074,610629451776.0,610629451776.0,2.3234503479027302e+17,2.3223412155482112e+17,61.02326965332031,61.02326965332031,70.15872955322266,70.15872955322266,53.63018798828125,53.63018798828125,405706145792.0,431408414720.0,-2076739502080.0,-2050897870848.0,148716306432.0,418175549440.0,123.60015106201172,123.60015106201172,61.08057022094727,61.08057022094727,70.17491149902344,70.17491149902344,53.62306594848633,53.62306594848633,175.4407501220703,175.3718719482422,-826.96240234375,-826.7853393554688,-37.09311294555664,-37.07781219482422,122.44664764404295,122.38510131835938,122.44664764404295,122.38510131835938
62,62,62,0.128022089600563,0.128022089600563,1814,1814,145672933,145672933,995221831680.0,995221831680.0,7.22812845246382e+16,7.225643384386355e+16,38.13641357421875,38.13641357421875,236.6819610595703,236.6819610595703,181.4411773681641,181.4411773681641,237442924544.0,193282965504.0,309912109056.0,326913720320.0,-100201209856.0,-120782446592.0,163.89549255371094,163.89549255371094,38.12153244018555,38.12153244018555,236.66775512695312,236.66775512695312,181.4585723876953,181.4585723876953,255.168212890625,255.09860229492188,-75.61222839355469,-75.5771713256836,-93.42440032958984,-93.3968276977539,147.98703002929688,147.98255920410156,147.98703002929688,147.98255920410156
63,63,63,0.1256449371576309,0.1256449371576309,1312,1312,955801526,955801526,719807643648.0,719807643648.0,5.311261784932352e+16,5.30700117737472e+16,226.47608947753903,226.47608947753903,139.6236114501953,139.6236114501953,236.07839965820312,236.07839965820312,-231811563520.0,-209173544960.0,129051598848.0,99818086400.0,310787670016.0,346410352640.0,140.67042541503906,140.67042541503906,226.45440673828125,226.45440673828125,139.63583374023438,139.63583374023438,236.1002960205078,236.1002960205078,-46.59653472900391,-46.56831359863281,265.7154846191406,265.5833740234375,-173.56532287597656,-173.52691650390625,122.02950286865234,121.9854736328125,122.02950286865234,121.9854736328125
64,64,64,0.1247643232345581,0.1247643232345581,5265,5265,1038303822,1038303822,2888557133824.0,2888557133824.0,4.552290125417021e+17,4.550366667263181e+17,248.36553955078125,248.36553955078125,48.368408203125,48.368408203125,142.12644958496094,142.12644958496094,-3897236652032.0,-3569195679744.0,-976225435648.0,-1575792279552.0,4498136236032.0,4183299457024.0,205.66064453125,205.66064453125,248.27476501464844,248.27476501464844,48.3431396484375,48.3431396484375,142.07598876953125,142.07598876953125,-74.38663482666016,-74.3607406616211,-234.7629547119141,-234.7186737060547,-390.0143432617188,-389.9205932617188,184.7850341796875,184.75308227539065,184.7850341796875,184.75308227539065
65,65,65,0.1245330646634101,0.1245330646634101,1075,1075,168283924,168283924,589781401600.0,589781401600.0,1.1307235846127616e+17,1.1303565367076454e+17,31.412036895751957,31.412036895751957,120.25167846679688,120.25167846679688,190.09417724609372,190.09417724609372,1312653312000.0,1522268504064.0,-724268875776.0,-735346294784.0,-775256539136.0,-764441722880.0,116.51667022705078,116.51667022705078,31.40813636779785,31.40813636779785,120.2170181274414,120.2170181274414,190.15911865234372,190.15911865234372,-124.79972076416016,-124.78568267822266,-379.9974060058594,-379.90234375,-404.88958740234375,-404.8377075195313,140.86593627929688,140.85797119140625,140.86593627929688,140.85797119140625
66,66,66,0.1245139390230178,0.1245139390230178,1764,1764,1043497385,1043497385,967790100480.0,967790100480.0,1.619812555948032e+17,1.6193913055556403e+17,3.78582763671875,3.78582763671875,36.71751403808594,36.71751403808594,116.01919555664062,116.01919555664062,844870844416.0,720418832384.0,-1237325185024.0,-1076787150848.0,-912160980992.0,-831902842880.0,149.93028259277344,149.93028259277344,3.741477727890015,3.741477727890015,36.687950134277344,36.687950134277344,116.01012420654295,116.01012420654295,143.82669067382812,143.77813720703125,-171.98568725585938,-171.90802001953125,477.9448852539063,477.9098205566406,136.6846466064453,136.6689910888672,136.6846466064453,136.6689910888672
67,67,67,0.1231732442975044,0.1231732442975044,1723,1723,274170242,274170242,945296113664.0,945296113664.0,2.6253862052141466e+17,2.6235627338989568e+17,65.69883728027344,65.69883728027344,110.6639404296875,110.6639404296875,107.85086059570312,107.85086059570312,-736848969728.0,-789008941056.0,-545661517824.0,-251701903360.0,2459318353920.0,2335287541760.0,141.74319458007812,141.74319458007812,65.61832427978516,65.61832427978516,110.65403747558594,110.65403747558594,107.86337280273438,107.86337280273438,25.70967483520508,25.718259811401367,-496.5542297363281,-496.4096984863281,502.5377502441406,502.34033203125,136.2496795654297,136.1954345703125,136.2496795654297,136.1954345703125
68,68,68,0.1223865821957588,0.1223865821957588,1922,1922,614042225,614042225,1054474240000.0,1054474240000.0,2.132174838368829e+17,2.1306573405238067e+17,143.08583068847656,143.08583068847656,142.39170837402344,142.39170837402344,161.79415893554688,161.79415893554688,2539974295552.0,2607542697984.0,411007614976.0,506093666304.0,-34642591744.0,257888763904.0,142.70787048339844,142.70787048339844,143.0031280517578,143.0031280517578,142.38107299804688,142.38107299804688,161.8126678466797,161.8126678466797,75.62187194824219,75.57866668701172,-532.4365844726562,-532.2515869140625,214.83750915527344,214.78330993652344,151.7044677734375,151.6374053955078,151.7044677734375,151.6374053955078
69,69,69,0.1223805993795394,0.1223805993795394,1001,1001,946998717,946998717,549182504960.0,549182504960.0,6.555364775218381e+16,6.549890409902899e+16,232.3000640869141,232.3000640869141,31.431663513183597,31.431663513183597,117.8047332763672,117.8047332763672,4646501888.0,13093610496.0,76055101440.0,87097122816.0,-84257177600.0,-84302569472.0,133.74539184570312,133.74539184570312,232.2930450439453,232.2930450439453,31.439287185668945,31.439287185668945,117.81659698486328,117.81659698486328,291.671630859375,291.6443786621094,35.62638854980469,35.582157135009766,334.2203674316406,334.00732421875,116.4572982788086,116.40296936035156,116.4572982788086,116.40296936035156
70,70,70,0.1222245618700981,0.1222245618700981,1151,1151,961239845,961239845,631477567488.0,631477567488.0,9.808883247323546e+16,9.8069135753216e+16,230.25875854492188,230.25875854492188,183.0087127685547,183.0087127685547,192.37567138671875,192.37567138671875,-258511896576.0,-255612436480.0,380334800896.0,277889351680.0,797826482176.0,844354027520.0,115.429443359375,115.429443359375,230.1599273681641,230.1599273681641,183.0093536376953,183.0093536376953,192.3803558349609,192.3803558349609,132.44862365722656,132.4263458251953,163.30140686035156,163.2213134765625,-474.4243774414063,-474.3995971679688,117.43938446044922,117.4297103881836,117.43938446044922,117.4297103881836
71,71,71,0.1214408352971077,0.1214408352971077,1923,1923,904583407,904583407,1055022907392.0,1055022907392.0,1.0260759333516083e+17,1.0257252922215629e+17,212.83468627929688,212.83468627929688,178.09466552734375,178.09466552734375,53.709285736083984,53.709285736083984,1453000097792.0,1332562100224.0,303304605696.0,165006098432.0,-529265000448.0,-474566131712.0,153.78988647460938,153.78988647460938,212.8004913330078,212.8004913330078,178.11073303222656,178.11073303222656,53.67609786987305,53.67609786987305,-87.4146499633789,-87.39636993408203,284.0952453613281,284.08026123046875,-232.00259399414065,-231.9114532470703,132.08067321777344,132.06491088867188,132.08067321777344,132.06491088867188
72,72,72,0.1214357540011406,0.1214357540011406,2095,2095,908057474,908057474,1149387931648.0,1149387931648.0,2.6204160690592157e+17,2.619003368416215e+17,226.27767944335935,226.27767944335935,246.34030151367188,246.34030151367188,218.87350463867188,218.87350463867188,-652247171072.0,-562469994496.0,1494249504768.0,1653513388032.0,-854187311104.0,-725601157120.0,170.01480102539062,170.01480102539062,226.2996826171875,226.2996826171875,246.3576202392578,246.3576202392578,218.83551025390625,218.83551025390625,504.17529296875,504.0748596191406,-111.63430786132812,-111.59651184082033,-360.0031433105469,-359.89508056640625,141.07919311523438,141.01025390625,141.07919311523438,141.01025390625
73,73,73,0.1193097159266471,0.1193097159266471,1703,1703,978011673,978011673,934323486720.0,934323486720.0,1.6261258142757683e+17,1.624925628614574e+17,236.0977478027344,236.0977478027344,186.23849487304688,186.23849487304688,142.68887329101562,142.68887329101562,192313704448.0,530419974144.0,-1623043997696.0,-1622973349888.0,2323084476416.0,2346111991808.0,130.23158264160156,130.23158264160156,236.09780883789065,236.09780883789065,186.12913513183597,186.12913513183597,142.69305419921875,142.69305419921875,177.18028259277344,177.06199645996094,327.8963317871094,327.84375,405.55072021484375,405.3284912109375,122.07376098632812,122.07333374023438,122.07376098632812,122.07333374023438
74,74,74,0.1180464029312133,0.1180464029312133,1014,1014,312447061,312447061,556314722304.0,556314722304.0,8.658854214211994e+16,8.6520389601067e+16,68.15811920166016,68.15811920166016,1.8782806396484373,1.8782806396484373,32.924041748046875,32.924041748046875,-753308532736.0,-748636602368.0,145423040512.0,264345600000.0,690555387904.0,716692127744.0,119.81121826171876,119.81121826171876,68.10799407958984,68.10799407958984,1.880157470703125,1.880157470703125,32.91931915283203,32.91931915283203,-108.04439544677734,-107.99260711669922,206.0137481689453,205.86859130859372,466.2782287597656,466.1023864746094,115.1270751953125,115.11246490478516,115.1270751953125,115.11246490478516
75,75,75,0.1178756654262542,0.1178756654262542,1149,1149,560580360,560580360,630380298240.0,630380298240.0,8.076153424183296e+16,8.072822247548518e+16,127.85215759277344,127.85215759277344,149.57907104492188,149.57907104492188,194.5472412109375,194.5472412109375,181052358656.0,133987262464.0,-601699385344.0,-573959438336.0,344903450624.0,280450498560.0,132.70156860351562,132.70156860351562,127.82572174072266,127.82572174072266,149.60501098632812,149.60501098632812,194.57769775390625,194.57769775390625,-342.53082275390625,-342.4969177246094,-294.8085632324219,-294.664306640625,94.53827667236328,94.54534912109376,119.7973403930664,119.7990493774414,119.7973403930664,119.7990493774414
76,76,76,0.1167149394750595,0.1167149394750595,2407,2407,527351391,527351391,1320561672192.0,1320561672192.0,3.631067400461353e+17,3.629806398063248e+17,113.87730407714844,113.87730407714844,235.6593780517578,235.6593780517578,151.20529174804688,151.20529174804688,-4443335032832.0,-4478365859840.0,-1668525064192.0,-1618692276224.0,8958983012352.0,7777229471744.0,148.55545043945312,148.55545043945312,113.93538665771484,113.93538665771484,235.4867248535156,235.4867248535156,151.1962127685547,151.1962127685547,-652.5159301757812,-652.408935546875,-42.54230880737305,-42.52882385253906,-259.1995849609375,-259.0891418457031,135.59303283691406,135.60165405273438,135.59303283691406,135.60165405273438
77,77,77,0.1165856644511222,0.1165856644511222,1079,1079,921376066,921376066,591975940096.0,591975940096.0,4.276247681040384e+16,4.273813293577011e+16,221.00265502929688,221.00265502929688,180.13723754882812,180.13723754882812,74.46880340576172,74.46880340576172,-134052003840.0,-119185104896.0,-142235811840.0,-151332044800.0,-17736120320.0,-2912308736.0,136.29522705078125,136.29522705078125,220.98956298828125,220.98956298828125,180.11514282226562,180.11514282226562,74.46975708007812,74.46975708007812,117.04451751708984,117.04698181152344,121.83056640625,121.8286361694336,-266.97723388671875,-266.8954162597656,122.00375366210938,121.950927734375,122.00375366210938,121.950927734375
78,78,78,0.1164119467139244,0.1164119467139244,2820,2820,175573333,175573333,1547147411456.0,1547147411456.0,2.9214845147755315e+17,2.918919903903744e+17,41.48604202270508,41.48604202270508,108.2269287109375,108.2269287109375,97.28257751464844,97.28257751464844,-656983654400.0,-672346013696.0,-835726540800.0,-637724196864.0,-1450444587008.0,-1384236974080.0,174.7476043701172,174.7476043701172,41.43701171875,41.43701171875,108.22415161132812,108.22415161132812,97.26929473876952,97.26929473876952,-10.112831115722656,-10.111159324645996,-248.55880737304688,-248.45611572265625,485.3660583496094,485.1551208496094,163.5000762939453,163.42282104492188,163.5000762939453,163.42282104492188
79,79,79,0.1163787096738815,0.1163787096738815,1747,1747,170530295,170530295,958463344640.0,958463344640.0,1.0317447747862528e+17,1.0312376250479411e+17,35.48297882080078,35.48297882080078,164.3983612060547,164.3983612060547,129.199951171875,129.199951171875,-1119461703680.0,-1099927257088.0,1866388602880.0,2087014498304.0,-234034413568.0,-108189294592.0,138.67166137695312,138.67166137695312,35.39836120605469,35.39836120605469,164.41465759277344,164.41465759277344,129.1847686767578,129.1847686767578,-234.23004150390625,-234.19696044921875,181.2827911376953,181.2454833984375,267.1498413085937,267.0133056640625,136.8639678955078,136.8592529296875,136.8639678955078,136.8592529296875
80,80,80,0.1158443763852119,0.1158443763852119,1059,1059,1051598212,1051598212,581003247616.0,581003247616.0,2.30855797830058e+17,2.307383734241853e+17,0.0896987915039062,0.0896987915039062,222.1353759765625,222.1353759765625,96.82614135742188,96.82614135742188,488746811392.0,606162780160.0,1790081630208.0,1649205837824.0,-2738459246592.0,-2401986412544.0,115.13549041748048,115.13549041748048,0.1176105290651321,0.1176105290651321,222.0493927001953,222.0493927001953,96.78157043457033,96.78157043457033,572.8651123046875,572.6610107421875,602.1654052734375,602.065185546875,-180.39630126953125,-180.37860107421875,154.2286376953125,154.18182373046875,154.2286376953125,154.18182373046875
81,81,81,0.1157690733671188,0.1157690733671188,3595,3595,525526736,525526736,1972338688000.0,1972338688000.0,3.7096130751758336e+17,3.7080153473417216e+17,117.56914520263672,117.56914520263672,41.22722625732422,41.22722625732422,176.5368194580078,176.5368194580078,2360794939392.0,2175631228928.0,1043079364608.0,1200391979008.0,166456229888.0,-8521835520.0,194.918212890625,194.918212890625,117.57040405273438,117.57040405273438,41.2647705078125,41.2647705078125,176.56578063964844,176.56578063964844,-360.0411682128906,-359.9524230957031,-325.0980529785156,-325.0196533203125,-205.89273071289065,-205.8362274169922,181.1571044921875,181.13511657714844,181.1571044921875,181.13511657714844
82,82,82,0.1152827143669128,0.1152827143669128,1955,1955,491493214,491493214,1072579215360.0,1072579215360.0,9.445225789390848e+16,9.43749227127767e+16,118.28559112548828,118.28559112548828,187.367431640625,187.367431640625,208.03057861328125,208.03057861328125,-1894776438784.0,-1775374041088.0,1706155835392.0,1602062909440.0,-535468736512.0,-790653501440.0,143.31735229492188,143.31735229492188,118.35022735595705,118.35022735595705,187.4355316162109,187.4355316162109,208.0328521728516,208.0328521728516,173.903076171875,173.8548126220703,106.38439178466795,106.34300994873048,-280.2691955566406,-280.1333923339844,136.63943481445312,136.58755493164062,136.63943481445312,136.58755493164062
83,83,83,0.113844595849514,0.113844595849514,1005,1005,247392050,247392050,551377043456.0,551377043456.0,2.4844654076546253e+17,2.4826695959288218e+17,55.72042846679688,55.72042846679688,233.5956115722656,233.5956115722656,187.37179565429688,187.37179565429688,144487858176.0,187704492032.0,-333150814208.0,-346697531392.0,162480144384.0,162653044736.0,146.13525390625,146.13525390625,55.717681884765625,55.717681884765625,233.5847625732422,233.5847625732422,187.37631225585935,187.37631225585935,-34.550228118896484,-34.51008605957031,-306.169189453125,-306.09686279296875,-871.835205078125,-871.4840087890625,124.03730010986328,124.0479507446289,124.03730010986328,124.0479507446289
84,84,84,0.1138445362448692,0.1138445362448692,1043,1043,757742786,757742786,572225093632.0,572225093632.0,5.533387185559962e+16,5.529091359270502e+16,180.278564453125,180.278564453125,171.56387329101562,171.56387329101562,46.6524658203125,46.6524658203125,-185206784000.0,-214098198528.0,575421480960.0,554119331840.0,-216207441920.0,-279872962560.0,109.72847747802734,109.72847747802734,180.23971557617188,180.23971557617188,171.56082153320312,171.56082153320312,46.67340087890625,46.67340087890625,107.64070129394533,107.56964874267578,380.96722412109375,380.80181884765625,-64.00746154785156,-64.02289581298828,104.2104721069336,104.19315338134766,104.2104721069336,104.19315338134766
85,85,85,0.1135817691683769,0.1135817691683769,2197,2197,907851021,907851021,1205348597760.0,1205348597760.0,1.867761361543496e+17,1.866853233658429e+17,214.2289123535156,214.2289123535156,209.6443328857422,209.6443328857422,58.710205078125,58.710205078125,2210187968512.0,1951568756736.0,-1424797204480.0,-1399921573888.0,-452143448064.0,-608167591936.0,144.1256103515625,144.1256103515625,214.24143981933597,214.24143981933597,209.7344665527344,209.7344665527344,58.70460891723633,58.70460891723633,-164.42459106445312,-164.35064697265625,313.3482360839844,313.2281188964844,-359.3401794433594,-359.2871398925781,136.09349060058594,136.0775604248047,136.09349060058594,136.0775604248047
86,86,86,0.1134023815393447,0.1134023815393447,1536,1536,360395700,360395700,842701602816.0,842701602816.0,9.673242167161651e+16,9.662740113129472e+16,85.64600372314453,85.64600372314453,175.4455108642578,175.4455108642578,229.4792633056641,229.4792633056641,-244856881152.0,-263861207040.0,144061677568.0,176009035776.0,163789684736.0,164848959488.0,148.9748077392578,148.9748077392578,85.6386489868164,85.6386489868164,175.44183349609375,175.44183349609375,229.4522399902344,229.4522399902344,3.1564176082611084,3.157313823699951,-83.05307006835938,-83.04815673828125,-409.9538269042969,-409.7146606445313,134.91603088378906,134.85128784179688,134.91603088378906,134.85128784179688
87,87,87,0.1128513738512992,0.1128513738512992,1516,1516,236365289,236365289,831728910336.0,831728910336.0,6.14492928227672e+17,6.13964544171049e+17,64.51991271972656,64.51991271972656,98.52257537841795,98.52257537841795,123.98098754882812,123.98098754882812,457435381760.0,454101073920.0,-253879844864.0,-328392572928.0,424895774720.0,439784013824.0,173.68130493164062,173.68130493164062,64.51686096191406,64.51686096191406,98.525390625,98.525390625,123.9892578125,123.9892578125,1174.2982177734375,1173.760986328125,-122.20145416259766,-122.15715026855467,-144.48680114746094,-144.47557067871094,144.73179626464844,144.73757934570312,144.73179626464844,144.73757934570312
88,88,88,0.1118041649460792,0.1118041649460792,1012,1012,851961827,851961827,555217453056.0,555217453056.0,2.6899730214682624e+16,2.6867410585780224e+16,195.8641357421875,195.8641357421875,129.83180236816406,129.83180236816406,247.74053955078125,247.74053955078125,-74971258880.0,-68056817664.0,296476049408.0,297518039040.0,-139895488512.0,-102953066496.0,123.6310806274414,123.6310806274414,195.83950805664065,195.83950805664065,129.80357360839844,129.80357360839844,247.7469024658203,247.7469024658203,-215.78016662597656,-215.62648010253903,112.8348617553711,112.7781753540039,-30.767656326293945,-30.718923568725582,110.54193878173828,110.49016571044922,110.54193878173828,110.49016571044922
89,89,89,0.1117231175303459,0.1117231175303459,1763,1763,194696380,194696380,967241498624.0,967241498624.0,2.035675856759685e+17,2.0349723411166003e+17,37.64998245239258,37.64998245239258,180.80389404296875,180.80389404296875,48.95193099975586,48.95193099975586,250452918272.0,160260308992.0,-225515683840.0,-225602715648.0,-761755336704.0,-784690577408.0,151.6591033935547,151.6591033935547,37.64517593383789,37.64517593383789,180.8055419921875,180.8055419921875,48.96986389160156,48.96986389160156,-294.832763671875,-294.7339782714844,525.4300537109375,525.36572265625,65.46931457519531,65.44233703613281,133.70948791503906,133.68943786621094,133.70948791503906,133.68943786621094
90,90,90,0.1117005869746208,0.1117005869746208,1187,1187,650843344,650843344,651228413952.0,651228413952.0,6.632336172620186e+16,6.628417014962586e+16,161.43763732910156,161.43763732910156,179.28402709960938,179.28402709960938,53.359493255615234,53.359493255615234,365697859584.0,359885045760.0,187347959808.0,235604443136.0,204581437440.0,188263399424.0,152.66131591796875,152.66131591796875,161.43893432617188,161.43893432617188,179.2910919189453,179.2910919189453,53.38016128540039,53.38016128540039,389.0089111328125,388.9013671875,-24.681398391723636,-24.68932342529297,-20.163286209106445,-20.17578887939453,130.82212829589844,130.7742156982422,130.82212829589844,130.7742156982422
91,91,91,0.1101879253983497,0.1101879253983497,1053,1053,901675193,901675193,577711439872.0,577711439872.0,2.900302079669043e+16,2.898113149586637e+16,211.38424682617188,211.38424682617188,231.9534912109375,231.9534912109375,50.67793273925781,50.67793273925781,-12267757568.0,-2007135488.0,-223658082304.0,-239150055424.0,87498194944.0,106388578304.0,130.72105407714844,130.72105407714844,211.37942504882807,211.37942504882807,231.93768310546875,231.93768310546875,50.6659049987793,50.6659049987793,-192.6482696533203,-192.5903167724609,0.8967817425727844,0.9096763134002686,157.38206481933594,157.30197143554688,113.31861114501952,113.27701568603516,113.31861114501952,113.27701568603516
92,92,92,0.1095157042145729,0.1095157042145729,1070,1070,419164401,419164401,587038195712.0,587038195712.0,1.7206355388320973e+17,1.7200309792355123e+17,97.58224487304688,97.58224487304688,199.61778259277344,199.61778259277344,69.65740203857422,69.65740203857422,1100618399744.0,1211660500992.0,579006824448.0,648401256448.0,281116114944.0,232624455680.0,123.22654724121094,123.22654724121094,97.6038055419922,97.6038055419922,199.6040802001953,199.6040802001953,69.68818664550781,69.68818664550781,-48.4784049987793,-48.45929336547852,359.364990234375,359.26971435546875,649.0858764648438,648.9505615234375,105.51966094970705,105.58279418945312,105.51966094970705,105.58279418945312
93,93,93,0.1086725816130638,0.1086725816130638,1167,1167,91441439,91441439,640255721472.0,640255721472.0,3.998996632866652e+17,3.9956249117406e+17,29.27529525756836,29.27529525756836,40.359405517578125,40.359405517578125,72.03941345214844,72.03941345214844,-117208334336.0,-65803505664.0,-302003814400.0,-251868610560.0,604469788672.0,624431005696.0,171.35446166992188,171.35446166992188,29.264604568481445,29.264604568481445,40.37265396118164,40.37265396118164,72.03726196289062,72.03726196289062,696.0888061523438,695.9190063476562,-462.4776916503906,-462.3739318847656,697.5958251953125,697.1380615234375,146.19873046875,146.10470581054688,146.19873046875,146.10470581054688
94,94,94,0.1084261685609817,0.1084261685609817,1305,1305,758094660,758094660,715967168512.0,715967168512.0,1.3761313157572198e+17,1.3751891717311693e+17,176.39678955078125,176.39678955078125,243.52947998046875,243.52947998046875,199.77040100097656,199.77040100097656,197838782464.0,141394165760.0,-675691692032.0,-635559018496.0,442329858048.0,500045611008.0,144.1892852783203,144.1892852783203,176.38006591796875,176.38006591796875,243.5094146728516,243.5094146728516,199.7679901123047,199.7679901123047,-236.3704071044922,-236.24679565429688,-278.7833251953125,-278.6662902832031,-451.2730712890625,-451.16644287109375,125.3971710205078,125.3396224975586,125.3971710205078,125.3396224975586
95,95,95,0.1082705929875373,0.1082705929875373,2814,2814,433960818,433960818,1543855669248.0,1543855669248.0,6.367800289226916e+17,6.365033643093524e+17,113.92539978027344,113.92539978027344,226.6272125244141,226.6272125244141,211.96859741210935,211.96859741210935,3154148327424.0,3055520055296.0,-1390336016384.0,-1576485781504.0,-1203694731264.0,-869197217792.0,177.1645050048828,177.1645050048828,113.92314910888672,113.92314910888672,226.6678466796875,226.6678466796875,211.9898681640625,211.9898681640625,607.61865234375,607.4769897460938,302.1976928710937,302.1528015136719,-526.95166015625,-526.818115234375,170.01939392089844,170.00131225585938,170.01939392089844,170.00131225585938
96,96,96,0.1082017123699188,0.1082017123699188,4310,4310,634041549,634041549,2364612018176.0,2364612018176.0,1.595869315863675e+17,1.594447509890007e+17,154.138916015625,154.138916015625,169.9727325439453,169.9727325439453,53.440162658691406,53.440162658691406,-825351864320.0,-762148880384.0,-1383431274496.0,-1127957004288.0,3055765946368.0,3321176522752.0,200.50082397460935,200.50082397460935,154.1566925048828,154.1566925048828,169.93545532226562,169.93545532226562,53.47148132324219,53.47148132324219,100.63005828857422,100.58467864990234,-142.77081298828125,-142.70338439941406,-56.439491271972656,-56.4212760925293,183.74261474609372,183.6611328125,183.74261474609372,183.6611328125
97,97,97,0.1067355424165725,0.1067355424165725,1994,1994,428818534,428818534,1093975932928.0,1093975932928.0,1.5562219573582234e+17,1.5553926850727117e+17,99.57620239257812,99.57620239257812,0.2118072509765625,0.2118072509765625,32.28263854980469,32.28263854980469,-60116045824.0,-26431989760.0,-180300070912.0,-192730972160.0,-282622459904.0,-276934230016.0,156.40213012695312,156.40213012695312,99.57122039794922,99.57122039794922,0.1994668990373611,0.1994668990373611,32.28271484375,32.28271484375,-138.53773498535156,-138.49290466308594,357.1097106933594,357.0025634765625,281.317626953125,281.2406616210937,139.8188018798828,139.79568481445312,139.8188018798828,139.79568481445312
98,98,98,0.1064055040478706,0.1064055040478706,1253,1253,521958913,521958913,687438233600.0,687438233600.0,1.4966916490513613e+17,1.495466724378542e+17,119.71643829345705,119.71643829345705,207.66998291015625,207.66998291015625,134.46510314941406,134.46510314941406,-40060846080.0,-56815001600.0,353270300672.0,419107012608.0,550663946240.0,566450520064.0,150.08779907226562,150.08779907226562,119.703125,119.703125,207.66375732421875,207.66375732421875,134.4738006591797,134.4738006591797,-233.0467529296875,-233.0142364501953,440.7051086425781,440.4949951171875,372.9498291015625,372.7883911132813,126.2497329711914,126.2026138305664,126.2497329711914,126.2026138305664
99,99,99,0.1061422154307365,0.1061422154307365,1348,1348,666555807,666555807,739558424576.0,739558424576.0,4.292012787997082e+16,4.290271178758554e+16,154.57911682128906,154.57911682128906,172.4775390625,172.4775390625,104.76165008544922,104.76165008544922,-3861688064.0,-6734830080.0,-47363305472.0,-54435188736.0,-95589392384.0,-87215775744.0,154.0307159423828,154.0307159423828,154.58705139160156,154.58705139160156,172.48606872558594,172.48606872558594,104.77320098876952,104.77320098876952,-242.5162506103516,-242.4547882080078,56.563087463378906,56.547950744628906,58.84809494018555,58.85538482666016,129.8627471923828,129.8416290283203,129.8627471923828,129.8416290283203
100,100,100,0.1057240068912506,0.1057240068912506,1360,1360,73293199,73293199,746142040064.0,746142040064.0,9.023986563914138e+16,9.018219281829069e+16,14.55035400390625,14.55035400390625,238.04718017578125,238.04718017578125,97.0416259765625,97.0416259765625,18522009600.0,58385977344.0,316096380928.0,312140038144.0,-1027536650240.0,-921152913408.0,138.8363037109375,138.8363037109375,14.585891723632812,14.585891723632812,238.06915283203125,238.06915283203125,97.02947998046876,97.02947998046876,21.67192840576172,21.643001556396484,435.4423522949219,435.2977294921875,-71.2537612915039,-71.22511291503906,124.80260467529295,124.77144622802734,124.80260467529295,124.77144622802734
