,Unnamed: 0_orig,Unnamed: 0_comp,mag_diff_orig,mag_diff_comp,fof_halo_count_orig,fof_halo_count_comp,fof_halo_tag_orig,fof_halo_tag_comp,fof_halo_mass_orig,fof_halo_mass_comp,fof_halo_ke_orig,fof_halo_ke_comp,fof_halo_center_x_orig,fof_halo_center_x_comp,fof_halo_center_y_orig,fof_halo_center_y_comp,fof_halo_center_z_orig,fof_halo_center_z_comp,fof_halo_angmom_x_orig,fof_halo_angmom_x_comp,fof_halo_angmom_y_orig,fof_halo_angmom_y_comp,fof_halo_angmom_z_orig,fof_halo_angmom_z_comp,fof_halo_max_cir_vel_orig,fof_halo_max_cir_vel_comp,fof_halo_com_x_orig,fof_halo_com_x_comp,fof_halo_com_y_orig,fof_halo_com_y_comp,fof_halo_com_z_orig,fof_halo_com_z_comp,fof_halo_com_vx_orig,fof_halo_com_vx_comp,fof_halo_com_vy_orig,fof_halo_com_vy_comp,fof_halo_com_vz_orig,fof_halo_com_vz_comp,fof_halo_1D_vel_disp_orig,fof_halo_1D_vel_disp_comp,fof_halo_angmom_dx_orig,fof_halo_angmom_dx_comp,fof_halo_angmom_dy_orig,fof_halo_angmom_dy_comp,fof_halo_angmom_dz_orig,fof_halo_angmom_dz_comp,fof_halo_angmom_mag_orig,fof_halo_angmom_mag_comp,fof_halo_specific_angmom_mag_orig,fof_halo_specific_angmom_mag_comp
0,0,0,6.14028263092041,6.14028263092041,28,28,587644876,587644876,15361747968.0,15361747968.0,4978726089523200.0,4969374871977984.0,138.96530151367188,138.96530151367188,121.819580078125,121.819580078125,2.390533447265625,2.390533447265625,-333041.90625,88486864.0,35685288.0,-50639736.0,-30050658.0,-288359072.0,37.446964263916016,37.446964263916016,138.97341918945312,138.97341918945312,121.80757904052734,121.80757904052734,2.385084390640259,2.385084390640259,82.59638214111328,82.54805755615234,627.140869140625,626.2930908203125,495.6897277832031,495.5428161621094,28.05786895751953,28.05034637451172,-0.0071385547587893075,0.2893129709988641,0.7648928789157955,-0.16556957508131528,-0.6441179432525241,-0.9428068310206514,46653968.13548904,305851699.95833826,0.003037022104038795,0.01990995429657203
1,1,1,4.96535587310791,4.96535587310791,35,35,1057709872,1057709872,19202185216.0,19202185216.0,6239976521990144.0,6228850946080768.0,5.760894775390625,5.760894775390625,177.70651245117188,177.70651245117188,190.32061767578125,190.32061767578125,-1788975.875,-413168096.0,-84608560.0,76317736.0,-33926060.0,65168032.0,48.97015380859375,48.97015380859375,5.750633716583252,5.750633716583252,177.7084503173828,177.7084503173828,190.3237762451172,190.3237762451172,207.4304656982422,207.55972290039065,-247.1492156982422,-247.14833068847656,-736.31201171875,-735.430908203125,34.91934967041016,35.32176208496094,-0.019621453393843438,-0.9717456720434251,-0.927985077920744,0.17949456982794892,-0.3721003812456309,0.15327115928038024,91174483.31127812,425181308.12064624,0.004748130605224453,0.02214233970446076
2,2,2,4.739438056945801,4.739438056945801,81,81,39327590,39327590,44439343104.0,44439343104.0,1.2375133293379584e+16,1.236460954976256e+16,2.105947494506836,2.105947494506836,133.1219482421875,133.1219482421875,209.5945281982422,209.5945281982422,-129771240.0,-1352493824.0,-248464944.0,312075232.0,56002920.0,217791664.0,56.035404205322266,56.035404205322266,2.0990607738494877,2.0990607738494877,133.12600708007812,133.12600708007812,209.593017578125,209.593017578125,-250.40847778320312,-250.5028533935547,205.6815948486328,205.5531311035156,-664.9581909179688,-664.6251831054688,57.05610275268555,56.98211669921875,-0.4539795094602749,-0.9626196195774058,-0.8692064081008601,0.22211542542864185,0.1959153518910894,0.1550103409173203,285852637.16920143,1405013773.3466835,0.0064324226508080794,0.031616438840209087
3,3,3,3.978923320770264,3.978923320770264,21,21,696850300,696850300,11521310720.0,11521310720.0,1011763902414848.0,1011709074472960.0,160.09176635742188,160.09176635742188,140.94308471679688,140.94308471679688,218.57003784179688,218.57003784179688,6135651.5,-65540144.0,23919026.0,94803576.0,6092195.0,-2811062.5,35.00197219848633,35.00197219848633,160.09449768066406,160.09449768066406,140.94728088378906,140.94728088378906,218.5679931640625,218.5679931640625,-264.5228576660156,-264.614501953125,-197.91558837890625,-197.64630126953125,-254.10626220703125,-254.20361328125,25.301876068115234,25.295434951782227,0.24123956241478015,-0.5684947115662605,0.9404405327825006,0.822325498606931,0.23953095379447667,-0.024383134787318003,25433852.717120018,115287165.67904434,0.002207548545059986,0.010006427956058488
4,4,4,3.325172185897827,3.325172185897827,58,58,214227312,214227312,31820763136.0,31820763136.0,1742697744302080.0,1740580056989696.0,51.2167854309082,51.2167854309082,73.5767822265625,73.5767822265625,94.5758819580078,94.5758819580078,-29500056.0,-235894416.0,42686204.0,44697300.0,-65141652.0,119479256.0,55.99623489379883,55.99623489379883,51.20895004272461,51.20895004272461,73.57640075683594,73.57640075683594,94.580322265625,94.580322265625,-12.012682914733888,-12.027055740356444,-270.0649719238281,-269.867431640625,175.57034301757812,175.5260009765625,43.311954498291016,43.26874542236328,-0.3542212043257692,-0.8796195721672515,0.5125535554568258,0.16667041369487648,-0.7821868007033665,0.4455225936572467,83281451.36356509,268177770.7819658,0.002617204716543888,0.008427760504541967
5,5,5,3.2373926639556885,3.2373926639556885,29,29,561187037,561187037,15910381568.0,15910381568.0,3345665975386112.0,3352431891054592.0,122.78448486328124,122.78448486328124,49.59334182739258,49.59334182739258,52.79096603393555,52.79096603393555,78702880.0,41086468.0,-2404499.25,-144912448.0,43705124.0,-207841520.0,37.97886657714844,37.97886657714844,122.79843139648438,122.79843139648438,49.58355331420898,49.58355331420898,52.78560256958008,52.78560256958008,-604.7259521484375,-605.4749145507812,122.7001495361328,122.69862365722656,-192.2469940185547,-192.02622985839844,30.85539436340332,31.013301849365234,0.8739337597707103,0.1600673866598818,-0.026700078445901256,-0.5645595247039978,0.4853111263344506,-0.8097227765067944,90055887.09680799,256682318.97421008,0.005660196564860159,0.016133008367974426
6,6,6,3.2338550090789795,3.2338550090789795,28,28,555117467,555117467,15361747968.0,15361747968.0,1953565606150144.0,1951949087834112.0,127.08928680419922,127.08928680419922,108.41383361816406,108.41383361816406,234.34625244140625,234.34625244140625,-70063208.0,-68908152.0,33685976.0,-292054528.0,67439336.0,135684928.0,35.371681213378906,35.371681213378906,127.09068298339844,127.09068298339844,108.40496063232422,108.40496063232422,234.34873962402344,234.34873962402344,-268.4062805175781,-268.4623107910156,280.64703369140625,280.565673828125,317.66162109375,317.30615234375,29.59723281860352,29.77029228210449,-0.680781835153744,-0.2092409358372932,0.3273158796871673,-0.8868292209351217,0.6552865082002804,0.4120099072419726,102915801.18934476,329324430.34752685,0.006699485071863455,0.021437952961703404
7,7,7,3.0507960319519043,3.0507960319519043,21,21,355452678,355452678,11521310720.0,11521310720.0,2898643631734784.0,2901748356218880.0,90.83879089355467,90.83879089355467,0.3745889663696289,0.3745889663696289,182.85403442382807,182.85403442382807,-54577144.0,91046864.0,-8588605.0,179403936.0,-55691936.0,-82712768.0,35.263919830322266,35.263919830322266,90.82526397705078,90.82526397705078,0.3747338652610779,0.3747338652610779,182.83663940429688,182.83663940429688,362.6056518554688,362.1531982421875,198.2229461669922,198.2305908203125,-574.9664306640625,-575.7335205078125,24.61630249023437,24.48833656311035,-0.6957149494190455,0.4185600184896305,-0.109482110188015,0.8247545436520745,-0.7099256135001992,-0.380246569540369,78447565.40818113,217524034.73351723,0.006808909794612425,0.018880146540611417
8,8,8,2.973104476928711,2.973104476928711,27,27,472667822,472667822,14813114368.0,14813114368.0,987845900632064.0,987343322349568.0,113.13904571533205,113.13904571533205,196.21685791015625,196.21685791015625,164.6068115234375,164.6068115234375,60970324.0,-79232888.0,-13362187.0,-142720368.0,19534892.0,-18150650.0,42.9476203918457,42.9476203918457,113.13345336914062,113.13345336914062,196.2233428955078,196.2233428955078,164.6050567626953,164.6050567626953,91.42228698730467,91.39382934570312,-30.51845932006836,-30.489727020263672,-349.0338134765625,-348.9133605957031,27.449899673461918,27.590246200561523,0.9322264909839729,-0.48240687566080676,-0.20430569958725595,-0.8689483440265434,0.29868537062245043,-0.11050964541028496,65402908.616816185,164244939.27758768,0.0044152031093544165,0.011087806061390945
9,9,9,2.801218748092652,2.801218748092652,73,73,672085236,672085236,40050270208.0,40050270208.0,1.1722988680380416e+16,1.1719986498240512e+16,155.73666381835938,155.73666381835938,245.04818725585935,245.04818725585935,58.680152893066406,58.680152893066406,-281366336.0,-497176224.0,270586368.0,963506688.0,-218242080.0,802913920.0,55.16714096069336,55.16714096069336,155.7357177734375,155.7357177734375,245.05616760253903,245.05616760253903,58.6715202331543,58.6715202331543,-742.6860961914062,-742.508056640625,145.17274475097656,145.28929138183594,-61.96551132202149,-61.92209243774414,54.51660537719727,54.77909469604492,-0.6291328589031259,-0.3685112790162819,0.6050289373638974,0.7141594163111502,-0.48798753139879786,0.5951266800706396,447228803.9295129,1349147915.708798,0.011166686307154538,0.033686362381627755
10,10,10,2.793267250061035,2.793267250061035,43,43,382639799,382639799,23591256064.0,23591256064.0,3351634369314816.0,3352967419789312.0,86.8964614868164,86.8964614868164,236.1255798339844,236.1255798339844,163.2532958984375,163.2532958984375,-39793604.0,-134064432.0,-101851536.0,-106074576.0,34891064.0,-271520960.0,37.77693176269531,37.77693176269531,86.87605285644531,86.87605285644531,236.1112060546875,236.1112060546875,163.25473022460938,163.25473022460938,-228.46176147460935,-228.34751892089844,110.21617889404295,110.19237518310548,-465.2609558105469,-465.48480224609375,33.32636642456055,33.136322021484375,-0.34669189345451085,-0.41783334753157747,-0.8873562160162793,-0.33059846311863483,0.30397973108448584,-0.8462387073835329,114780889.75051643,320856228.4269763,0.004865399681947025,0.013600642015691545
11,11,11,2.6571202278137207,2.6571202278137207,34,34,731711655,731711655,18653550592.0,18653550592.0,4519640256479232.0,4512253986471936.0,177.63705444335938,177.63705444335938,205.4740753173828,205.4740753173828,47.03102493286133,47.03102493286133,105478352.0,171188224.0,-63325940.0,-271381408.0,-26638584.0,226874160.0,49.455604553222656,49.455604553222656,177.64146423339844,177.64146423339844,205.47775268554688,205.47775268554688,47.04134368896485,47.04134368896485,645.4751586914062,645.1585693359375,84.58590698242188,84.42410278320312,239.10145568847656,238.52804565429688,34.76187515258789,34.365936279296875,0.8379358110957013,0.4356270656529851,-0.5030707428695673,-0.6905912315546631,-0.21162089724800565,0.5773324956819801,125878797.1623679,392969669.4657773,0.006748248626529787,0.0210667490635435
12,12,12,2.6528983116149902,2.6528983116149902,24,24,184443890,184443890,13167212544.0,13167212544.0,1607267761782784.0,1601789933649920.0,47.77799987792969,47.77799987792969,236.2402801513672,236.2402801513672,2.997102737426758,2.997102737426758,-39594960.0,-65591868.0,53517824.0,-247350304.0,-98532368.0,-189756592.0,33.772552490234375,33.772552490234375,47.7816162109375,47.7816162109375,236.2245178222656,236.2245178222656,2.994767189025879,2.994767189025879,298.9583435058594,298.1921081542969,252.60226440429688,252.50845336914065,298.04595947265625,297.507568359375,26.56078147888184,26.52022171020508,-0.3329713146691963,-0.20588941958365314,0.45005475988647714,-0.7764195787868118,-0.828601723816088,-0.5956359497041932,118914027.29192212,318578138.3649486,0.009031070691276153,0.024194804883750236
13,13,13,2.617377996444702,2.617377996444702,29,29,1023867733,1023867733,15910381568.0,15910381568.0,3025559646896128.0,3016677386092544.0,248.22935485839844,248.22935485839844,115.53963470458984,115.53963470458984,202.16683959960935,202.16683959960935,-110880896.0,-87299856.0,78863320.0,-363196896.0,102921104.0,44377356.0,43.53186798095703,43.53186798095703,248.2309112548828,248.2309112548828,115.5502471923828,115.5502471923828,202.1866912841797,202.1866912841797,270.3658752441406,270.24053955078125,159.32212829589844,159.15740966796875,-528.5091552734375,-527.5546264648438,28.994428634643555,29.06168937683105,-0.649919950934444,-0.2320765809857436,0.46225136081987794,-0.9655169860568235,0.6032642346414554,0.1179720737874662,170607004.5096743,376168313.188666,0.010722998928750413,0.023642947315936174
14,14,14,2.59260368347168,2.59260368347168,20,20,48748351,48748351,10972677120.0,10972677120.0,729535293161472.0,731792365584384.0,10.929340362548828,10.929340362548828,124.84851837158205,124.84851837158205,201.5904541015625,201.5904541015625,-10162231.0,-119526232.0,-72572584.0,-349218016.0,-88327952.0,-94872184.0,35.14920425415039,35.14920425415039,10.931469917297363,10.931469917297363,124.84822082519533,124.84822082519533,201.582763671875,201.582763671875,-25.99591827392578,-25.994112014770508,10.814945220947266,10.788485527038574,-360.9548950195313,-361.511474609375,25.1123104095459,25.17831802368164,-0.08854523870865806,-0.31363130117336335,-0.6323372076450672,-0.9163319124061439,-0.7696163956996147,-0.24894022019433146,114768802.34562318,381104282.48974574,0.010459507838468428,0.034732114899754356
15,15,15,2.5696938037872314,2.5696938037872314,47,47,302361,302361,25785790464.0,25785790464.0,2959249378377728.0,2957465087901696.0,2.074922561645508,2.074922561645508,67.14020538330078,67.14020538330078,76.01611328125,76.01611328125,-162793264.0,256955856.0,112927336.0,134944976.0,80437080.0,-273482048.0,46.937294006347656,46.937294006347656,2.0803890228271484,2.0803890228271484,67.1461181640625,67.1461181640625,76.00940704345703,76.00940704345703,115.61753845214844,115.5429458618164,-382.75921630859375,-382.6805114746094,256.0325012207031,255.8856506347656,36.97257614135742,37.03684997558594,-0.7613119421463922,0.6443480330647088,0.5281110985745588,0.33839092523956465,0.3761685716639032,-0.6857894676948257,213832536.95066378,398784263.80514014,0.00829265006435227,0.015465272021111393
16,16,16,2.5454535484313965,2.5454535484313965,27,27,573383638,573383638,14813114368.0,14813114368.0,1400827205910528.0,1402145358217216.0,130.51634216308594,130.51634216308594,215.679931640625,215.679931640625,239.79730224609372,239.79730224609372,-66106872.0,-310594400.0,7767449.0,135581360.0,85952416.0,107492072.0,36.091678619384766,36.091678619384766,130.52557373046875,130.52557373046875,215.6875457763672,215.6875457763672,239.8077392578125,239.8077392578125,-260.26678466796875,-260.29058837890625,239.25868225097656,239.4607696533203,-248.1477813720703,-248.29547119140625,29.283376693725582,29.2578067779541,-0.6080925201743393,-0.8735951960049707,0.0714498734372979,0.38134372275810674,0.7906442958080547,0.302338218937046,108711865.06462412,355535837.903386,0.007338893251203724,0.024001423945759277
17,17,17,2.467637062072754,2.467637062072754,20,20,630673048,630673048,10972677120.0,10972677120.0,2861190174736384.0,2850512886038528.0,142.419677734375,142.419677734375,114.4832000732422,114.4832000732422,157.2455291748047,157.2455291748047,-12256463.0,-290416416.0,-25084752.0,-13299986.0,117907456.0,226939696.0,32.338417053222656,32.338417053222656,142.4154510498047,142.4154510498047,114.51036071777344,114.51036071777344,157.24449157714844,157.24449157714844,-466.1300659179688,-465.4080810546875,-319.5341796875,-319.25799560546875,-447.3377075195313,-446.0942993164063,25.957876205444336,26.04560661315918,-0.10115281284738795,-0.7874435701711701,-0.20702491610990387,-0.03606197130077722,0.9730923864478381,0.6153309337437729,121167792.12548113,368809178.2079964,0.011042682729142505,0.03361159488925128
18,18,18,2.3035664558410645,2.3035664558410645,22,22,304810905,304810905,12069945344.0,12069945344.0,4979484688121856.0,4994863355396096.0,68.7352066040039,68.7352066040039,170.1085662841797,170.1085662841797,214.50698852539065,214.50698852539065,67590600.0,-306948256.0,-154473168.0,-393006880.0,94259864.0,123127120.0,35.59157180786133,35.59157180786133,68.74352264404297,68.74352264404297,170.09483337402344,170.09483337402344,214.51014709472656,214.51014709472656,-237.40342712402344,-238.08468627929688,-325.9071655273437,-326.67218017578125,-812.6864013671875,-813.7091064453125,26.26616096496582,26.65530586242676,0.34989877410760867,-0.5975874870967083,-0.7996669968267582,-0.7651321981478129,0.4879585454360505,0.23971214951048575,193171868.55651295,513645721.55160636,0.01600436978387306,0.0425557620115439
19,19,19,2.2925448417663574,2.2925448417663574,50,50,951451933,951451933,27431692288.0,27431692288.0,4291734259367936.0,4292912154148864.0,225.7537078857422,225.7537078857422,100.93541717529295,100.93541717529295,80.54467010498047,80.54467010498047,65622400.0,-434047360.0,59847880.0,-484326944.0,-314538848.0,-189483616.0,42.52413177490234,42.52413177490234,225.74215698242188,225.74215698242188,100.90377807617188,100.90377807617188,80.56012725830078,80.56012725830078,-23.45610618591309,-23.475814819335938,266.2609558105469,266.3771667480469,488.3608703613281,488.3786010742188,31.42150115966797,31.45185089111328,0.20077989486814016,-0.640752805646379,0.1831120326973879,-0.71497692836592,-0.9623707275775637,-0.27972099306403136,326837505.5335931,677402199.6862603,0.0119145950640664,0.024694145464098476
20,20,20,2.2493417263031006,2.2493417263031006,21,21,583210646,583210646,11521310720.0,11521310720.0,884692597342208.0,882583969726464.0,137.07362365722656,137.07362365722656,50.16151809692383,50.16151809692383,159.6170654296875,159.6170654296875,-55291020.0,-59677528.0,-65965072.0,-284564768.0,-45304128.0,-37368184.0,36.95711517333984,36.95711517333984,137.0794677734375,137.0794677734375,50.16452026367188,50.16452026367188,159.61972045898438,159.61972045898438,-53.02260208129883,-52.9747428894043,35.444923400878906,35.49736404418945,-383.8210144042969,-383.2897338867188,27.010332107543945,27.273591995239254,-0.568443350699293,-0.2035757521688138,-0.6781825793193924,-0.9707253069588271,-0.4657687689760409,-0.12747270907371755,97267423.27442405,293146543.064288,0.008442392158174869,0.025443853584767136
21,21,21,2.1995067596435547,2.1995067596435547,24,24,233494564,233494564,13167212544.0,13167212544.0,605609648979968.0,605885734846464.0,49.22891616821289,49.22891616821289,175.52281188964844,175.52281188964844,13.275129318237305,13.275129318237305,51889644.0,-37778388.0,22465480.0,113126864.0,-18438086.0,-47635888.0,34.683956146240234,34.683956146240234,49.2309684753418,49.2309684753418,175.5402069091797,175.5402069091797,13.27008056640625,13.27008056640625,-245.63986206054688,-245.81060791015625,99.3328628540039,99.37374877929688,138.28114318847656,138.21456909179688,29.77632141113281,29.59840583801269,0.8724712621701709,-0.29415719970451676,0.3777340559680604,0.8808496944230048,-0.31001754732451353,-0.37091152273405614,59474330.27298863,128429248.16373248,0.0045168504779768085,0.00975371573403019
22,22,22,2.086999893188477,2.086999893188477,24,24,133594697,133594697,13167212544.0,13167212544.0,7217903531196416.0,7231462206078976.0,26.26329040527344,26.26329040527344,109.3971710205078,109.3971710205078,158.36782836914062,158.36782836914062,137934016.0,-225339616.0,-143219248.0,-131424424.0,-98882808.0,188675120.0,38.89314270019531,38.89314270019531,26.273494720458984,26.273494720458984,109.3997039794922,109.3997039794922,158.3665771484375,158.3665771484375,-383.5495910644531,-383.5309753417969,320.1671142578125,319.9909973144531,918.797119140625,919.9832153320312,29.09476089477539,29.126375198364254,0.621126841034088,-0.6999318917973276,-0.6449266226361279,-0.40822003406047386,-0.4452764296054444,0.5860475668720754,222070609.23395205,321945061.57071835,0.0168654229960877,0.024450509968977557
23,23,23,2.0150680541992188,2.0150680541992188,22,22,433956357,433956357,12069945344.0,12069945344.0,6629594480246784.0,6627684293541888.0,103.17677307128906,103.17677307128906,227.83706665039065,227.83706665039065,140.89669799804688,140.89669799804688,1254441.75,109277704.0,-67831912.0,-141447248.0,-56736596.0,64391884.0,47.6677360534668,47.6677360534668,103.17181396484376,103.17181396484376,227.8357696533203,227.8357696533203,140.89878845214844,140.89878845214844,755.3018798828125,755.3506469726562,-469.4336853027344,-469.4996948242188,551.8087158203125,551.2758178710938,32.596717834472656,33.282936096191406,0.014183963713655502,0.5751836107054074,-0.7669749340181584,-0.7445081279250084,-0.6415202769680871,0.33892692638604255,88440845.96693489,189987513.4932677,0.007327360932160232,0.01574054464030452
24,24,24,2.007096529006958,2.007096529006958,25,25,89978024,89978024,13715846144.0,13715846144.0,9278771110608896.0,9276161917976576.0,22.697227478027344,22.697227478027344,214.2603912353516,214.2603912353516,59.480743408203125,59.480743408203125,41227776.0,-161265808.0,205649360.0,840599232.0,-260442416.0,-181061408.0,38.0030632019043,38.0030632019043,22.711166381835938,22.711166381835938,214.2625274658203,214.2625274658203,59.47062683105469,59.47062683105469,91.75447845458984,91.62567138671876,411.2577209472656,410.8096923828125,1083.0887451171875,1083.02490234375,28.090251922607425,28.96442413330078,0.12328975155609244,-0.18433123359795156,0.6149848709294776,0.960827935677789,-0.7788409630271708,-0.20695814635190377,334397429.46714294,874869683.516251,0.0243803718674276,0.06378532351057051
25,25,25,1.9275035858154297,1.9275035858154297,64,64,952923945,952923945,35112566784.0,35112566784.0,5666951649034240.0,5650279659732992.0,225.9194183349609,225.9194183349609,194.11529541015625,194.11529541015625,192.3374481201172,192.3374481201172,-21034944.0,410084896.0,-22083210.0,-468495360.0,323613696.0,237634784.0,52.62214279174805,52.62214279174805,225.9217071533203,225.9217071533203,194.1166076660156,194.1166076660156,192.34605407714844,192.34605407714844,-63.6557502746582,-63.5622444152832,-260.7882080078125,-260.460205078125,-494.99505615234375,-494.3213195800781,43.60812377929688,43.223392486572266,-0.06471342076685382,0.6153465746162269,-0.06793838199012053,-0.7029934967407239,0.9955885442416543,0.3565792151098073,325047629.23572856,666429152.1501645,0.009257301843961046,0.018979790234356808
26,26,26,1.8526476621627808,1.8526476621627808,22,22,350309902,350309902,12069945344.0,12069945344.0,423097228328960.0,421055273369600.0,82.49445343017578,82.49445343017578,25.12616729736328,25.12616729736328,130.34576416015625,130.34576416015625,-66254864.0,71234712.0,10791294.0,29435932.0,37744848.0,70992600.0,32.77340316772461,32.77340316772461,82.47855377197266,82.47855377197266,25.124971389770508,25.124971389770508,130.32901000976562,130.32901000976562,-19.534683227539062,-19.54275131225586,222.8660125732422,222.25938415527344,-138.4463348388672,-138.19142150878906,17.2174072265625,17.235517501831055,-0.8603198323957911,0.6797896263086326,0.1401250215442855,0.28090576423368313,0.49011709246229246,0.6774791624717768,77011898.95331784,104789348.41476765,0.0063804679108676035,0.008681841170627893
27,27,27,1.7979844808578491,1.7979844808578491,23,23,800258807,800258807,12618578944.0,12618578944.0,1900425854844928.0,1902966730653696.0,187.57095336914065,187.57095336914065,52.174312591552734,52.174312591552734,178.7269744873047,178.7269744873047,28215442.0,50091592.0,-6365706.0,-202819040.0,-123025864.0,-10950140.0,40.5653190612793,40.5653190612793,187.57167053222656,187.57167053222656,52.17521286010742,52.17521286010742,178.72511291503906,178.72511291503906,-119.3485336303711,-119.28970336914062,183.23133850097656,183.1871490478516,-500.830078125,-501.2610473632813,29.224437713623047,29.23054313659668,0.223258114952666,0.23944356696022795,-0.05036942259854996,-0.9694983218950028,-0.9734571050513068,-0.05234292773753069,126380364.74500418,209199990.7782877,0.010015419747807395,0.016578728215490546
28,28,28,1.791751742362976,1.791751742362976,29,29,692091603,692091603,15910381568.0,15910381568.0,5170582815506432.0,5179907726376960.0,157.23464965820312,157.23464965820312,8.454824447631836,8.454824447631836,163.80162048339844,163.80162048339844,-164314848.0,-538485376.0,17266940.0,243048432.0,-199287936.0,-43864016.0,37.350467681884766,37.350467681884766,157.23281860351562,157.23281860351562,8.4642333984375,8.4642333984375,163.80262756347656,163.80262756347656,-209.71470642089844,-209.8280487060547,33.67462539672852,33.61988067626953,-776.3152465820312,-777.0039672851562,26.98016929626465,27.339374542236328,-0.6347411257250467,-0.9089566877605284,0.06670143974710574,0.41026276211465773,-0.7698406466594003,-0.07404191919082835,258869074.87254402,592421380.7444564,0.016270450445588207,0.037234894600892104
29,29,29,1.7556487321853638,1.7556487321853638,56,56,1018515837,1018515837,30723495936.0,30723495936.0,2.009690144977715e+16,2.009302738927616e+16,236.93316650390625,236.93316650390625,76.21585845947266,76.21585845947266,98.7455062866211,98.7455062866211,-47255808.0,-1025464512.0,-220822640.0,-294354624.0,512503968.0,579464064.0,59.49098587036133,59.49098587036133,236.9403533935547,236.9403533935547,76.21427917480469,76.21427917480469,98.74591064453124,98.74591064453124,-54.28972625732422,-54.370452880859375,-963.54150390625,-963.1939086914062,609.4149169921875,609.6939086914062,42.80597686767578,43.07234191894531,-0.08437782902515983,-0.844640280457228,-0.3942908978046555,-0.24244990368739538,0.9151038574267948,0.4772848634003681,560050057.5324026,1214084309.885016,0.01822872171510172,0.0395164766540263
30,30,30,1.750236988067627,1.750236988067627,30,30,471715333,471715333,16459016192.0,16459016192.0,6791250069946368.0,6783860041842688.0,106.3904800415039,106.3904800415039,229.0424346923828,229.0424346923828,139.0798797607422,139.0798797607422,308224416.0,582788096.0,156000880.0,-421596288.0,-119069464.0,-119448552.0,39.00399398803711,39.00399398803711,106.38877868652344,106.38877868652344,229.0532684326172,229.0532684326172,139.0782470703125,139.0782470703125,-663.61474609375,-662.8493041992188,256.10528564453125,256.0484313964844,562.6942138671875,562.7312622070312,29.62184333801269,30.20567512512207,0.8435293834155874,0.7992753039697588,0.42693349159817706,-0.5782058754400535,-0.3258618926267816,-0.16381988301378678,365398552.8659942,729145631.1804802,0.022200509957794337,0.0443006813210917
31,31,31,1.7401775121688845,1.7401775121688845,24,24,817675983,817675983,13167212544.0,13167212544.0,1.8232400312008704e+16,1.826357533212672e+16,197.1094665527344,197.1094665527344,198.34739685058597,198.34739685058597,166.24256896972656,166.24256896972656,-500108000.0,-1275421952.0,-153804048.0,312220544.0,9745534.0,-95197536.0,40.20573806762695,40.20573806762695,197.10923767089844,197.10923767089844,198.3551025390625,198.3551025390625,166.2412109375,166.2412109375,68.1785659790039,68.16151428222656,-365.1837768554688,-364.67333984375,-1621.27001953125,-1622.7569580078125,30.767133712768555,32.28105163574219,-0.9556537155749536,-0.9687770905491958,-0.2939033367625963,0.23715454305275058,0.01862268905388844,-0.07230955356297046,523315079.35289943,1316527779.6535923,0.03974380132500878,0.09998530632464836
32,32,32,1.7259825468063354,1.7259825468063354,24,24,769359164,769359164,13167212544.0,13167212544.0,3289408077824000.0,3286114374778880.0,183.5766448974609,183.5766448974609,190.59982299804688,190.59982299804688,65.80939483642578,65.80939483642578,-4355232.0,-236360368.0,164501376.0,-146491360.0,153160208.0,150031344.0,42.34196853637695,42.34196853637695,183.58004760742188,183.58004760742188,190.59234619140625,190.59234619140625,65.81645965576172,65.81645965576172,24.88222312927246,24.8478946685791,348.96002197265625,347.99755859375,-612.2366333007812,-612.3839111328125,28.344919204711918,28.29684257507324,-0.019373294116085345,-0.7480532138429414,0.7317482833862222,-0.46362820288138706,0.6812995855249061,0.4748318426055924,224805960.92245966,315967318.4020641,0.017073162612909948,0.02399652298056381
33,33,33,1.689514398574829,1.689514398574829,23,23,162177547,162177547,12618578944.0,12618578944.0,2610381801390080.0,2611650695790592.0,35.48548126220703,35.48548126220703,179.8229217529297,179.8229217529297,139.60537719726562,139.60537719726562,88097344.0,159499328.0,-69215776.0,-194716848.0,166355488.0,472908960.0,35.71172332763672,35.71172332763672,35.492225646972656,35.492225646972656,179.81768798828125,179.81768798828125,139.59689331054688,139.59689331054688,-122.31195831298828,-122.2645034790039,470.5589904785156,470.9555358886719,418.06396484375,417.7678833007813,29.28472900390625,29.77496719360352,0.4392469706405225,0.29772804597291447,-0.34510484139604686,-0.3634665261601917,0.8294364033656428,0.8827514344379129,200564488.51891667,535721542.3853966,0.01589437997804681,0.04245498203584378
34,34,34,1.6841859817504885,1.6841859817504885,27,27,380606779,380606779,14813114368.0,14813114368.0,2565587976847360.0,2561806526578688.0,84.06834411621094,84.06834411621094,2.886615753173828,2.886615753173828,72.51251983642578,72.51251983642578,29767462.0,-98817880.0,-89995640.0,-34425688.0,-29190334.0,-120192416.0,44.19554901123047,44.19554901123047,84.06848907470703,84.06848907470703,2.879666328430176,2.879666328430176,72.50432586669922,72.50432586669922,-125.88275909423828,-125.87565612792967,329.1181030273437,328.78375244140625,-468.78070068359375,-468.41552734375,28.71469497680664,29.023311614990234,0.3001247460901502,-0.6200834668026023,-0.9073638392221871,-0.21602163456759793,-0.29430596333797887,-0.7542089548638421,99183630.76618339,159362223.45927784,0.0066956636060573884,0.010758184909686497
35,35,35,1.6808247566223145,1.6808247566223145,41,41,934787743,934787743,22493988864.0,22493988864.0,4897722469449728.0,4898436507762688.0,233.13433837890625,233.13433837890625,126.91731262207033,126.91731262207033,169.92593383789062,169.92593383789062,12087567.0,-34267984.0,-53236108.0,-150427152.0,-113181568.0,-294882592.0,42.13042831420898,42.13042831420898,233.13284301757807,233.13284301757807,126.91912841796876,126.91912841796876,169.9159393310547,169.9159393310547,381.7339477539063,382.5497131347656,459.9731140136719,459.4299621582031,-272.2416381835937,-272.12384033203125,36.77816390991211,36.79393005371094,0.09619317432506473,-0.10296752781280266,-0.4236543398048568,-0.4519995094359999,-0.9007018783025705,-0.8860553773245412,125659300.51494707,332803794.82646203,0.005586350258937653,0.014795232488048858
36,36,36,1.665507197380066,1.665507197380066,23,23,824859546,824859546,12618578944.0,12618578944.0,899343468986368.0,902997949284352.0,199.70657348632807,199.70657348632807,165.8160858154297,165.8160858154297,224.9185485839844,224.9185485839844,-63005072.0,3688541.5,-140929472.0,109996816.0,-33511852.0,-76028440.0,36.59450149536133,36.59450149536133,199.71792602539065,199.71792602539065,165.81182861328125,165.81182861328125,224.9173126220703,224.9173126220703,204.24884033203125,204.162109375,17.402542114257812,17.4719295501709,-314.1639709472656,-315.0780334472656,24.65300178527832,24.90227699279785,-0.3988477738771538,0.02757466972574675,-0.89214097209321,0.8223103554843386,-0.2121436758091578,-0.5683707565073494,157967716.3232851,133765573.13961121,0.012518661334555193,0.010600684414088903
37,37,37,1.65928852558136,1.65928852558136,21,21,99956625,99956625,11521310720.0,11521310720.0,1170963777454080.0,1170340201889792.0,31.36719512939453,31.36719512939453,88.81648254394531,88.81648254394531,226.42958068847656,226.42958068847656,60459728.0,198906256.0,-52627516.0,-318937728.0,-185116832.0,-333271200.0,29.32994079589844,29.32994079589844,31.37957763671875,31.37957763671875,88.83007049560547,88.83007049560547,226.4175720214844,226.4175720214844,373.6010437011719,373.62005615234375,235.7044219970703,235.48263549804688,-81.78498840332031,-81.83016204833984,21.95512580871582,21.761966705322266,0.29971250527779864,0.39595221188144036,-0.26088646424124556,-0.6348925438224587,-0.9176658798036499,-0.6634254319099038,201725743.6220783,502349147.2742633,0.01750892311860836,0.04360173590338368
38,38,38,1.6592386960983276,1.6592386960983276,33,33,833410515,833410515,18104918016.0,18104918016.0,945930710810624.0,946785946173440.0,202.7701568603516,202.7701568603516,207.16824340820312,207.16824340820312,121.47967529296876,121.47967529296876,-69525688.0,-56958256.0,-66133688.0,-219232336.0,25602084.0,-34032560.0,33.70317840576172,33.70317840576172,202.74349975585935,202.74349975585935,207.1557464599609,207.1557464599609,121.472412109375,121.472412109375,204.76730346679688,204.7548065185547,111.33015441894533,111.5102310180664,217.7862701416016,217.9275665283203,30.21825408935547,30.2066707611084,-0.7000705690485765,-0.24866846042356278,-0.6659157201211876,-0.957124941960674,0.2577934290230893,-0.14857941400931457,99312399.45494089,229052996.519871,0.005485382445099987,0.012651424122299157
39,39,39,1.621265530586243,1.621265530586243,24,24,1011441209,1011441209,13167212544.0,13167212544.0,3049155660349440.0,3051206507233280.0,240.4492034912109,240.4492034912109,157.6124267578125,157.6124267578125,154.8729705810547,154.8729705810547,-167219472.0,-451606912.0,92344120.0,1866621.625,-36880652.0,-138989984.0,40.16629409790039,40.16629409790039,240.45314025878903,240.45314025878903,157.60340881347656,157.60340881347656,154.87054443359375,154.87054443359375,-43.860389709472656,-43.9169807434082,371.6039733886719,371.5923461914063,566.064697265625,566.3713989257812,30.00666236877441,29.82750701904297,-0.8595162133948139,-0.9557513167816052,0.47465326497189453,0.003950395861139454,-0.18956834377859935,-0.29414930705811304,194550689.55539143,472515082.1876344,0.014775389164963678,0.03588573364397834
40,40,40,1.6145200729370115,1.6145200729370115,30,30,115037417,115037417,16459016192.0,16459016192.0,4146863133425664.0,4150175090081792.0,22.227663040161133,22.227663040161133,192.99961853027344,192.99961853027344,61.85493469238281,61.85493469238281,-169433952.0,62009728.0,-20596924.0,57786764.0,125175400.0,-113720840.0,46.82883071899414,46.82883071899414,22.22632598876953,22.22632598876953,193.0108642578125,193.0108642578125,61.85790252685547,61.85790252685547,-192.55905151367188,-192.5808563232422,645.0897216796875,645.4672241210938,217.51296997070312,217.2523498535156,33.51655578613281,33.61679458618164,-0.8004914410650378,0.4371986399394968,-0.0973102567675873,0.40742469677184645,0.5913917201901336,-0.8017870451032639,211662415.496375,141834219.81500542,0.012859967632771073,0.008617417843233229
41,41,41,1.6053462028503418,1.6053462028503418,23,23,544684418,544684418,12618578944.0,12618578944.0,2389683296272384.0,2389376742981632.0,122.00714111328124,122.00714111328124,105.08075714111328,105.08075714111328,100.1105499267578,100.1105499267578,22131616.0,82606016.0,59311396.0,162104672.0,-246044704.0,-636069504.0,35.002952575683594,35.002952575683594,121.99058532714844,121.99058532714844,105.06784057617188,105.06784057617188,100.14237213134766,100.14237213134766,-330.6691589355469,-330.6809387207031,-480.4295959472656,-480.5679016113281,192.8754730224609,192.4278106689453,21.60792732238769,21.47782516479492,0.08711233376062993,0.12486200475066432,0.2334558002524936,0.24502712157633752,-0.9684574490576467,-0.9614422444752777,254058352.52691042,661578485.5044985,0.020133673819722187,0.05242892154818051
42,42,42,1.5852099657058716,1.5852099657058716,21,21,1037891950,1037891950,11521310720.0,11521310720.0,2244835658432512.0,2247963468365824.0,5.0463409423828125,5.0463409423828125,214.7875518798828,214.7875518798828,96.71163940429688,96.71163940429688,-28058570.0,-155027648.0,39190940.0,42066968.0,-118195904.0,-275721568.0,54.29433822631836,54.29433822631836,5.044942378997803,5.044942378997803,214.78684997558597,214.78684997558597,96.70783996582033,96.70783996582033,305.7000427246094,305.7312927246094,438.1493225097656,438.4214477539063,317.7947998046875,318.2208251953125,32.980709075927734,33.053165435791016,-0.2198156164473889,-0.4858259430162068,0.3070284991449183,0.1318295456461585,-0.9259668436173475,-0.8640567828488709,127645935.50483978,319101213.56946224,0.011079115788732045,0.027696606863968187
43,43,43,1.5693235397338867,1.5693235397338867,20,20,83503678,83503678,10972677120.0,10972677120.0,3489379607642112.0,3498412997607424.0,18.96062469482422,18.96062469482422,169.9770050048828,169.9770050048828,156.12335205078125,156.12335205078125,174200272.0,-70094384.0,-25754648.0,-151895600.0,37289792.0,-27528802.0,40.54633331298828,40.54633331298828,18.96253967285156,18.96253967285156,169.9732666015625,169.9732666015625,156.1133575439453,156.1133575439453,-41.8782844543457,-41.891334533691406,338.3791198730469,338.6559143066406,719.0632934570312,720.0625,30.03439712524414,30.14538955688477,0.9677857819485542,-0.4134420792362661,-0.14308233774451148,-0.8959352961977692,0.20716690103342056,-0.162374850712198,179998792.34561867,169538582.3559188,0.01640427312105386,0.015450977049793915
44,44,44,1.5626074075698853,1.5626074075698853,28,28,1019492117,1019492117,15361747968.0,15361747968.0,2824575310102528.0,2820057809813504.0,244.1851043701172,244.1851043701172,75.09536743164062,75.09536743164062,190.80860900878903,190.80860900878903,-45465876.0,-38586084.0,-39495416.0,225339520.0,-158940272.0,-140106256.0,51.02728271484375,51.02728271484375,244.18002319335935,244.18002319335935,75.0954360961914,75.0954360961914,190.8145446777344,190.8145446777344,142.77481079101562,142.3091278076172,382.7088623046875,382.9315490722656,-444.7366638183594,-444.00244140625,32.145381927490234,32.28330612182617,-0.26749703912023,-0.14390526566424877,-0.23237002711268023,0.8403947778233806,-0.9351200482085509,-0.5225207095621118,169967772.91267428,268135316.81340113,0.01106435109251457,0.017454740005626496
45,45,45,1.5421419143676758,1.5421419143676758,38,38,253381171,253381171,20848087040.0,20848087040.0,3052175559229440.0,3049587572998144.0,55.25676727294922,55.25676727294922,170.53968811035156,170.53968811035156,148.9019012451172,148.9019012451172,147344352.0,440941440.0,72281304.0,-205829232.0,205168256.0,230069024.0,38.26338577270508,38.26338577270508,55.2727165222168,55.2727165222168,170.5485076904297,170.5485076904297,148.9110107421875,148.9110107421875,-258.423583984375,-258.3667297363281,305.7705078125,305.449951171875,359.27099609375,359.15869140625,33.89938735961914,34.18205261230469,0.560812691657128,0.8191936829164314,0.2751124973743624,-0.38239546415492404,0.7808983536061069,0.42742884655057334,262733626.0251471,538262744.4467024,0.012602289386122359,0.025818327763788076
46,46,46,1.5364079475402832,1.5364079475402832,25,25,805548747,805548747,13715846144.0,13715846144.0,3276466536054784.0,3271483568685056.0,193.0326995849609,193.0326995849609,60.12571716308594,60.12571716308594,163.76919555664062,163.76919555664062,-230713536.0,-498673984.0,226105520.0,674605824.0,-110910880.0,-61804480.0,30.96806526184082,30.96806526184082,193.0281524658203,193.0281524658203,60.10031509399414,60.10031509399414,163.76686096191406,163.76686096191406,107.34026336669922,107.41259765625,45.047393798828125,45.11703872680664,-680.15234375,-679.6063842773438,23.132007598876957,23.088380813598636,-0.6754977100904415,-0.5928247297619158,0.6620060688541851,0.8019728883803462,-0.3247319024407642,-0.07347330185581875,341545992.7600792,841182830.2106633,0.02490156197249913,0.06132926991009147
47,47,47,1.5315618515014648,1.5315618515014648,25,25,415287915,415287915,13715846144.0,13715846144.0,1989092636098560.0,1987998493179904.0,99.86426544189452,99.86426544189452,4.772381782531738,4.772381782531738,160.83370971679688,160.83370971679688,-162416640.0,-123089952.0,-145924608.0,-353055168.0,-73220824.0,209537472.0,33.14535903930664,33.14535903930664,99.87567901611328,99.87567901611328,4.774675369262695,4.774675369262695,160.83261108398438,160.83261108398438,-50.32733917236328,-50.26593780517578,-356.1827392578125,-356.0594177246094,398.01165771484375,397.95355224609375,27.2686824798584,27.15053367614746,-0.7052636600196522,-0.287185207641899,-0.6336501181468415,-0.8237246020790189,-0.3179476334684352,0.48887875433632955,230292086.78563455,428608259.4946361,0.016790220914396584,0.031249130020471316
48,48,48,1.5293231010437012,1.5293231010437012,20,20,438513122,438513122,10972677120.0,10972677120.0,7054139112554496.0,7067745568948224.0,95.4583740234375,95.4583740234375,46.072792053222656,46.072792053222656,113.91016387939452,113.91016387939452,-86465984.0,-211829104.0,-155892720.0,97286768.0,84794216.0,191217856.0,33.18646240234375,33.18646240234375,95.44668579101562,95.44668579101562,46.06498718261719,46.06498718261719,113.91175079345705,113.91175079345705,-580.4532470703125,-580.3260498046875,-647.9256591796875,-648.4956665039062,-726.5344848632812,-727.8150024414062,19.81955337524414,20.040267944335938,-0.4380118390097884,-0.7025906510903143,-0.789707741895796,0.32267885942430435,0.4295431425096975,0.6342276647081222,197405586.56011057,301497185.6959288,0.017990649355780056,0.02747708534559785
49,49,49,1.5287948846817017,1.5287948846817017,27,27,115960848,115960848,14813114368.0,14813114368.0,7780844894683136.0,7771059348570112.0,32.555809020996094,32.555809020996094,142.5251007080078,142.5251007080078,249.353271484375,249.353271484375,-81920416.0,-595590528.0,-52133116.0,-82372136.0,361042656.0,609891648.0,46.94074249267578,46.94074249267578,32.55281448364258,32.55281448364258,142.53060913085938,142.53060913085938,249.35276794433597,249.35276794433597,300.5797424316406,300.68505859375,-763.3577880859375,-762.7924194335938,-611.977783203125,-611.5066528320312,31.38250541687012,31.671594619750977,-0.2191132670274086,-0.6954298498812602,-0.1394409101521026,-0.09618024377459332,0.9656840108381876,0.7121282781926216,373872459.2598616,856435092.7727548,0.025239287969552087,0.05781600489245307
50,50,50,1.5199602842330933,1.5199602842330933,31,31,327903113,327903113,17007649792.0,17007649792.0,3762097146036224.0,3755841526169600.0,75.68296813964844,75.68296813964844,177.07052612304688,177.07052612304688,213.1480865478516,213.1480865478516,-296021536.0,-709281344.0,37670668.0,45370976.0,-19570340.0,-208692512.0,40.30691146850586,40.30691146850586,75.6943588256836,75.6943588256836,177.07373046875,177.07373046875,213.15414428710935,213.15414428710935,-232.6957244873047,-232.71055603027344,-275.781494140625,-275.5342102050781,-556.7241821289062,-556.19091796875,27.422889709472656,27.34549903869629,-0.9898734680001632,-0.9575348141614353,0.12596784436333297,0.06125113742239207,-0.06544172625920809,-0.2817363622844747,299049874.11982155,740736872.9680662,0.017583256815441227,0.0435531588448212
51,51,51,1.5191460847854614,1.5191460847854614,21,21,657242422,657242422,11521310720.0,11521310720.0,2174362492862464.0,2170539300880384.0,162.2779998779297,162.2779998779297,208.94583129882807,208.94583129882807,69.08135986328125,69.08135986328125,-18366392.0,49798780.0,77719504.0,-25896982.0,18960208.0,31810434.0,42.988887786865234,42.988887786865234,162.2812042236328,162.2812042236328,208.9442901611328,208.9442901611328,69.08865356445312,69.08865356445312,346.8816833496094,345.9433288574219,372.5724792480469,373.0465087890625,-339.60650634765625,-339.03961181640625,31.521385192871094,31.614990234375,-0.22376194055322995,0.7718676482113789,0.946874434231531,-0.40139623083361503,0.23099653624799443,0.4930531406625481,82080053.26817803,64517252.55670052,0.007124194049006434,0.005599818816161614
52,52,52,1.5164716243743896,1.5164716243743896,25,25,491907015,491907015,13715846144.0,13715846144.0,716659652296704.0,716982177497088.0,115.72222900390624,115.72222900390624,28.509746551513672,28.509746551513672,248.48117065429688,248.48117065429688,17754892.0,-33073416.0,-27739458.0,-109932848.0,-55458004.0,-70561776.0,50.59003448486328,50.59003448486328,115.714111328125,115.714111328125,28.510284423828125,28.510284423828125,248.4827117919922,248.4827117919922,-56.78911209106445,-56.72722244262695,-74.07511138916016,-74.22344970703125,303.91229248046875,303.916259765625,33.7943000793457,33.94020080566406,0.27526785932064946,-0.24543952159220694,-0.43006632889544266,-0.8158173204844884,-0.8598084428379522,-0.5236425697344499,64500418.043059565,134751794.59871522,0.004702620411885802,0.009824533840929852
53,53,53,1.5077128410339355,1.5077128410339355,29,29,333808978,333808978,15910381568.0,15910381568.0,1558977968078848.0,1560388864835584.0,84.34150695800781,84.34150695800781,82.96589660644531,82.96589660644531,90.4299087524414,90.4299087524414,213907264.0,586042624.0,-177026384.0,-37932204.0,-39641388.0,105243792.0,32.89202880859375,32.89202880859375,84.34342193603516,84.34342193603516,82.98326110839844,82.98326110839844,90.43385314941406,90.43385314941406,248.10641479492188,248.2391357421875,-247.64459228515625,-247.46649169921875,266.9021911621094,267.22662353515625,24.82261848449707,24.99903106689453,0.7626613341613147,0.9822633849560342,-0.6311668695981881,-0.0635779951389386,-0.1413367330063477,0.17639864259349297,280474772.2463603,596624727.1104696,0.017628412684361355,0.03749908351101021
54,54,54,1.4940012693405151,1.4940012693405151,27,27,625802352,625802352,14813114368.0,14813114368.0,2354506440376320.0,2355393619558400.0,153.51974487304688,153.51974487304688,214.3957061767578,214.3957061767578,35.79941177368164,35.79941177368164,40245728.0,-47313080.0,94938616.0,40147084.0,82684472.0,-85614648.0,41.47527694702149,41.47527694702149,153.50946044921875,153.50946044921875,214.39224243164065,214.39224243164065,35.803279876708984,35.803279876708984,194.10494995117188,194.1353302001953,426.3923645019531,426.4991455078125,308.8155212402344,308.8295593261719,31.836271286010746,31.87940216064453,0.30449211661080083,-0.44746260666047516,0.7182889109109927,0.3796903278428937,0.6255762074952774,-0.8096989999889891,132173300.40580899,105736388.46184108,0.008922721928842735,0.007138025524886103
55,55,55,1.4908206462860107,1.4908206462860107,21,21,231314036,231314036,11521310720.0,11521310720.0,2999340750602240.0,2995880349138944.0,43.237979888916016,43.237979888916016,155.09681701660156,155.09681701660156,165.1833038330078,165.1833038330078,-197861888.0,-183363472.0,228675504.0,-213031952.0,-36044020.0,-139993328.0,34.73091506958008,34.73091506958008,43.24778366088867,43.24778366088867,155.08990478515625,155.08990478515625,165.17713928222656,165.17713928222656,-576.1558227539062,-575.8502197265625,115.59127044677734,115.7345199584961,416.6210632324219,416.22802734375,24.287521362304688,24.59820556640625,-0.6497200940407082,-0.583939647794279,0.7509029225663021,-0.6784219433836187,-0.11835793290320351,-0.44582300800820884,304534044.45207596,314010998.72670174,0.02643223951276925,0.027254798204652684
56,56,56,1.4842398166656494,1.4842398166656494,25,25,740830257,740830257,13715846144.0,13715846144.0,2322516718649344.0,2323956874870784.0,169.01284790039062,169.01284790039062,134.6000518798828,134.6000518798828,7.651713371276855,7.651713371276855,29419914.0,142141104.0,78611920.0,140056048.0,75882768.0,-32396438.0,40.449317932128906,40.449317932128906,169.01133728027344,169.01133728027344,134.5842742919922,134.5842742919922,7.654033660888672,7.654033660888672,-464.6141052246094,-464.74896240234375,84.17406463623047,84.08747100830078,-337.4288330078125,-337.5078430175781,24.846694946289062,25.152780532836918,0.2600016068630811,0.7031062889023313,0.6947411715272852,0.6927924813895268,0.6706220015877133,-0.16025019262432677,113152816.07275897,202161616.591293,0.008249787500150525,0.014739274155516001
57,57,57,1.479799509048462,1.479799509048462,42,42,498518159,498518159,23042621440.0,23042621440.0,2809177315475456.0,2811421435887616.0,126.30697631835938,126.30697631835938,106.20823669433594,106.20823669433594,41.27316284179688,41.27316284179688,294632448.0,473335296.0,211014560.0,-113981928.0,-149566240.0,-595691712.0,43.03863525390625,43.03863525390625,126.3133316040039,126.3133316040039,106.21221160888672,106.21221160888672,41.26743316650391,41.26743316650391,364.64849853515625,364.9870910644531,-143.7017364501953,-143.87847900390625,293.7967834472656,293.59228515625,36.00546646118164,36.08415222167969,0.7515119531678156,0.6152470837430757,0.5382298019410517,-0.1481551225823084,-0.3814950386943337,-0.77428746961207,392052909.81473905,769341795.3650352,0.01701424947832407,0.033387772192860155
58,58,58,1.477945327758789,1.477945327758789,100,100,421996991,421996991,54863384576.0,54863384576.0,1.3413217225146368e+16,1.341352646279168e+16,102.73571014404295,102.73571014404295,104.58342742919922,104.58342742919922,118.93798065185548,118.93798065185548,-242413248.0,-78796688.0,86675104.0,30889570.0,-121244648.0,262157920.0,58.12046432495117,58.12046432495117,102.737060546875,102.737060546875,104.5780258178711,104.5780258178711,118.9453353881836,118.9453353881836,83.68472290039062,83.56005096435547,-580.482421875,-580.6627197265625,371.8809509277344,371.6104431152344,47.291648864746094,47.37569427490234,-0.8518741744347077,-0.28603296744503326,0.30458847968590574,0.11212952719790806,-0.4260707088897498,0.9516365433635692,284564616.788462,275481140.1771102,0.005186785667484044,0.005021220296671589
59,59,59,1.4658713340759275,1.4658713340759275,29,29,909794002,909794002,15910381568.0,15910381568.0,5937153410334720.0,5927073658961920.0,226.74966430664065,226.74966430664065,173.89999389648438,173.89999389648438,175.29550170898438,175.29550170898438,109640616.0,312217568.0,-335852224.0,-794750336.0,-89692192.0,94338112.0,34.68891143798828,34.68891143798828,226.75218200683597,226.75218200683597,173.88931274414062,173.88931274414062,175.2875213623047,175.2875213623047,658.1544799804688,657.7310791015625,540.9188842773438,540.32275390625,-126.25513458251952,-126.27867126464844,39.257808685302734,38.95384216308594,0.30079478699451173,0.3634351461135764,-0.9213975793396951,-0.9251247658426894,-0.24606705773808177,0.10981376140499223,364503045.73263925,859073678.8632696,0.02290976141425493,0.05399453653525788
60,60,60,1.4603763818740845,1.4603763818740845,31,31,902206977,902206977,17007649792.0,17007649792.0,1491125672083456.0,1490073941966848.0,215.0377349853516,215.0377349853516,96.16300964355467,96.16300964355467,131.5538787841797,131.5538787841797,111167272.0,-55699560.0,5832529.0,33026226.0,59560172.0,133115088.0,42.24251937866211,42.24251937866211,215.0391998291016,215.0391998291016,96.16595458984376,96.16595458984376,131.55694580078125,131.55694580078125,24.80681610107422,24.755544662475582,-394.3515930175781,-394.2242431640625,127.02013397216795,126.86833953857422,32.06754302978516,32.16005325317383,0.8805181434795643,-0.376272808099776,0.046197478038956644,0.22310536740250428,0.47175586061663477,0.8992456666122459,126252108.2878516,148029724.1814779,0.007423254231589225,0.008703714269275912
61,61,61,1.448186993598938,1.448186993598938,32,32,224233628,224233628,17556283392.0,17556283392.0,6205331705167872.0,6192648666742784.0,49.75472259521485,49.75472259521485,232.26727294921875,232.26727294921875,51.40243148803711,51.40243148803711,234054752.0,697132096.0,232102512.0,192257360.0,142065744.0,-90683512.0,42.73590850830078,42.73590850830078,49.75273132324219,49.75273132324219,232.2605743408203,232.2605743408203,51.40486526489258,51.40486526489258,-33.824951171875,-33.85687255859375,715.348876953125,714.4677124023438,436.8536376953125,436.5723876953125,32.64944076538086,32.94715881347656,0.6520772539455869,0.9565207690409262,0.6466383073428589,0.26379241308232376,0.3957955966954977,-0.12442500228474929,358937151.36325073,728820657.7040589,0.020444939475447874,0.041513379650511106
62,62,62,1.426855444908142,1.426855444908142,27,27,96834410,96834410,14813114368.0,14813114368.0,2605546741956608.0,2610007065493504.0,28.23800277709961,28.23800277709961,96.33763885498048,96.33763885498048,209.78369140625,209.78369140625,-152141792.0,-408710112.0,144685456.0,250862048.0,-17280458.0,97838736.0,38.99518203735352,38.99518203735352,28.237886428833008,28.237886428833008,96.3320770263672,96.3320770263672,209.78659057617188,209.78659057617188,229.58694458007807,229.83596801757807,319.52520751953125,319.3602905273437,-440.6045227050781,-441.2182312011719,30.82377052307129,31.1036434173584,-0.7221987564422442,-0.8350624981042647,0.6868044277964008,0.5125527417399254,-0.08202825216067147,0.19990075336213767,210664710.57011175,489436554.6624859,0.014221500309563515,0.03304075986342144
63,63,63,1.3926284313201904,1.3926284313201904,20,20,6928116,6928116,10972677120.0,10972677120.0,5343557791514624.0,5330883343024128.0,5.817869186401367,5.817869186401367,165.53553771972656,165.53553771972656,178.2462615966797,178.2462615966797,-108652976.0,-309653920.0,-198709552.0,-106385544.0,46711560.0,280765024.0,38.38169479370117,38.38169479370117,5.8154497146606445,5.8154497146606445,165.5518035888672,165.5518035888672,178.24876403808594,178.24876403808594,299.4709777832031,299.1143798828125,756.8740844726562,756.0494995117188,-556.44091796875,-555.5952758789062,24.54571914672852,25.15715217590332,-0.4698666871875365,-0.7179302445742496,-0.8593137744405593,-0.2466540698825469,0.20200280524816772,0.6509515602070048,231242135.1902176,431314772.34760106,0.02107435885165439,0.039308071096108316
64,64,64,1.389050006866455,1.389050006866455,21,21,98561243,98561243,11521310720.0,11521310720.0,1352888257347584.0,1358372527931392.0,24.186805725097656,24.186805725097656,246.1454620361328,246.1454620361328,55.86639022827149,55.86639022827149,-70156352.0,-85575368.0,5989171.0,-1033681.875,47750944.0,-69203064.0,38.35241317749024,38.35241317749024,24.18632125854492,24.18632125854492,246.1573028564453,246.1573028564453,55.86246490478516,55.86246490478516,3.933150291442871,3.918165445327759,-464.83929443359375,-465.7785949707031,130.5936279296875,130.58729553222656,23.83257102966309,24.383228302001957,-0.8246309158127678,-0.7775314523745324,0.07039783891114051,-0.009391956918747692,0.5612735491384185,-0.6287739114447947,85076063.30870207,110060329.69940725,0.0073842347781678495,0.009552761172246836
65,65,65,1.385090947151184,1.385090947151184,26,26,871932644,871932644,14264479744.0,14264479744.0,6750024826355712.0,6737176968560640.0,220.99069213867188,220.99069213867188,144.66033935546875,144.66033935546875,187.7789764404297,187.7789764404297,342370048.0,377221472.0,123935168.0,805767680.0,365160832.0,575042816.0,34.014747619628906,34.014747619628906,220.9827117919922,220.9827117919922,144.65780639648438,144.65780639648438,187.79202270507807,187.79202270507807,936.5489501953124,935.6209106445312,-0.2925248742103576,-0.2624933421611786,259.6292724609375,259.4378356933594,25.0252628326416,25.260597229003903,0.6639273845691498,0.35608617581170554,0.24033630402849432,0.7606214202034345,0.7081234983991787,0.5428238116769616,515673936.5739195,1059354441.7727426,0.036150910921993136,0.07426520004827612
66,66,66,1.3839672803878784,1.3839672803878784,22,22,875664862,875664862,12069945344.0,12069945344.0,1699964296101888.0,1702550134849536.0,216.83978271484372,216.83978271484372,23.143089294433597,23.143089294433597,124.21076965332033,124.21076965332033,-13538687.0,-12177943.0,62206196.0,202578000.0,-150957392.0,27099640.0,39.56380081176758,39.56380081176758,216.84710693359372,216.84710693359372,23.134435653686523,23.134435653686523,124.20691680908205,124.20691680908205,527.0899047851562,527.5198974609375,-30.31832504272461,-30.361936569213867,2.751168727874756,2.7622859477996826,31.278240203857425,31.130210876464844,-0.08263744282126384,-0.05947856864304061,0.37969420262676373,0.9894158215857868,-0.9214137862738915,0.13235796866036317,163832356.5902537,204745058.22568917,0.013573578994845672,0.016963213369269186
67,67,67,1.3830963373184204,1.3830963373184204,34,34,793633376,793633376,18653550592.0,18653550592.0,3570532746264576.0,3568351171313664.0,199.37538146972656,199.37538146972656,215.79234313964844,215.79234313964844,158.73794555664062,158.73794555664062,3169291.5,85349784.0,-142128688.0,-20180766.0,258838128.0,639888960.0,40.468074798583984,40.468074798583984,199.3802947998047,199.3802947998047,215.77532958984372,215.77532958984372,158.7334747314453,158.7334747314453,349.1659545898437,348.7088928222656,-125.46375274658205,-125.34375762939452,492.0515441894531,492.0880126953125,31.90252494812012,32.314022064208984,0.010732096232034189,0.1321467366995131,-0.4812869869965457,-0.03124580105553034,0.8764973806339944,0.9907375736773426,295309642.354864,645871295.2865106,0.015831283213262052,0.0346245768118541
68,68,68,1.3761121034622192,1.3761121034622192,31,31,571971554,571971554,17007649792.0,17007649792.0,5806361992495104.0,5808494443757568.0,142.2672576904297,142.2672576904297,120.64146423339844,120.64146423339844,4.2485761642456055,4.2485761642456055,303555776.0,827965056.0,-100509560.0,-18977996.0,357655616.0,750350080.0,40.20076370239258,40.20076370239258,142.25689697265625,142.25689697265625,120.6314926147461,120.6314926147461,4.2412872314453125,4.2412872314453125,428.958740234375,429.3244018554688,181.78614807128903,181.72447204589844,680.930908203125,680.8624877929688,26.302515029907227,26.633298873901367,0.6327295029073611,0.7408770953174658,-0.2095014128020993,-0.016981830875029687,0.7454948250554984,0.671425905855655,479756000.95329213,1117547109.0049248,0.02820824786614304,0.0657084972157995
69,69,69,1.3668991327285769,1.3668991327285769,28,28,428743885,428743885,15361747968.0,15361747968.0,1733751998513152.0,1734272226426880.0,95.13787078857422,95.13787078857422,230.58023071289065,230.58023071289065,49.511966705322266,49.511966705322266,-185135600.0,-225494944.0,104679376.0,-179813984.0,36025408.0,102157008.0,38.448543548583984,38.448543548583984,95.14222717285156,95.14222717285156,230.58294677734372,230.58294677734372,49.51564407348633,49.51564407348633,-418.02838134765625,-418.0451965332031,208.17930603027344,208.27081298828125,-65.23358917236328,-65.10150909423828,33.573272705078125,33.735652923583984,-0.8582616649020987,-0.7369859920489588,0.48527833397073705,-0.5876867349297002,0.16700854211106553,0.3338801418342818,215709972.34406164,305969104.4779317,0.014042020009272791,0.019917596950249073
70,70,70,1.3589601516723633,1.3589601516723633,42,42,46913428,46913428,23042621440.0,23042621440.0,4677193078669312.0,4678583037460480.0,14.699811935424805,14.699811935424805,188.37152099609372,188.37152099609372,215.93101501464844,215.93101501464844,620258368.0,365308544.0,-296520896.0,599554944.0,-7320925.0,-78143632.0,47.39174270629883,47.39174270629883,14.693726539611816,14.693726539611816,188.36639404296875,188.36639404296875,215.93360900878903,215.93360900878903,154.7779083251953,154.7357940673828,-43.18456268310547,-43.16438293457031,-612.9761352539062,-613.0560302734375,38.29408264160156,38.45668029785156,0.9021534971568781,0.5171298369998585,-0.43128376352109277,0.8487284394398925,-0.010648140245926061,-0.1106199248346541,687530858.0576743,706415522.4911146,0.02983735421978422,0.03065690786660403
71,71,71,1.3577008247375488,1.3577008247375488,25,25,597725574,597725574,13715846144.0,13715846144.0,800248976900096.0,799816997142528.0,137.53111267089844,137.53111267089844,7.04118537902832,7.04118537902832,92.3231201171875,92.3231201171875,-44663808.0,22262742.0,-79783152.0,73668816.0,-87758408.0,-47999404.0,53.92973327636719,53.92973327636719,137.53280639648438,137.53280639648438,7.043657779693604,7.043657779693604,92.32463836669922,92.32463836669922,-210.0166015625,-209.67202758789065,-89.01453399658203,-88.80760192871094,-245.4232635498047,-245.6594696044922,38.412506103515625,38.422996520996094,-0.3524190539558973,0.24545206853098517,-0.6295276692363436,0.8122163601154133,-0.6924562975919037,-0.5292049380105309,126734940.97055647,90700975.27896619,0.009240038101914455,0.006612860360688965
72,72,72,1.3547743558883667,1.3547743558883667,21,21,512686516,512686516,11521310720.0,11521310720.0,1145442947563520.0,1141926040436736.0,115.42141723632812,115.42141723632812,237.70323181152344,237.70323181152344,115.15638732910156,115.15638732910156,98513760.0,138177168.0,45837912.0,177571664.0,-17390984.0,-74812040.0,39.26753616333008,39.26753616333008,115.42821502685548,115.42821502685548,237.6985015869141,237.6985015869141,115.16097259521484,115.16097259521484,-252.0345001220703,-252.0500640869141,-63.4549674987793,-63.48182678222656,359.0643005371094,358.13592529296875,28.07071685791016,28.331275939941406,0.8952644473953235,0.582753916334987,0.4165616352115224,0.7488978398089647,-0.15804421311724284,-0.3155152904784508,110038726.86625196,237110663.91284624,0.00955088613965026,0.020580181341801902
73,73,73,1.3542288541793823,1.3542288541793823,47,47,776946978,776946978,25785790464.0,25785790464.0,2425801823748096.0,2423932707667968.0,181.8868560791016,181.8868560791016,248.59716796875,248.59716796875,73.66207885742188,73.66207885742188,-40430740.0,-98303912.0,-231426944.0,213019456.0,233126608.0,236193824.0,44.91758346557617,44.91758346557617,181.8953094482422,181.8953094482422,248.59811401367188,248.59811401367188,73.66980743408203,73.66980743408203,-259.8951416015625,-259.7572937011719,120.83361053466795,120.8593978881836,319.9003601074219,319.779296875,34.96558380126953,34.95548248291016,-0.1221583506071009,-0.2952875466218886,-0.6992385933347226,0.6398727300391601,0.7043739965162193,0.7094844284142238,330969923.8657682,332909102.0756006,0.012835360790193389,0.012910564155106314
74,74,74,1.353432059288025,1.353432059288025,32,32,61293887,61293887,17556283392.0,17556283392.0,2566613131853824.0,2562953551282176.0,15.394050598144531,15.394050598144531,120.03887939453124,120.03887939453124,90.69485473632812,90.69485473632812,76727488.0,369461088.0,-125831968.0,-423322848.0,270907008.0,276309312.0,32.842857360839844,32.842857360839844,15.377805709838867,15.377805709838867,120.0240478515625,120.0240478515625,90.6855926513672,90.6855926513672,117.73025512695312,117.78733825683594,141.4303436279297,141.1746826171875,506.5425415039063,506.1912841796875,25.420019149780277,25.404529571533203,0.2487910173718432,0.5900620214287574,-0.408013661761235,-0.6760840140433372,0.8784235205703863,0.4412903996490944,308401359.5447582,626139413.4558917,0.0175664377624076,0.03566469049714755
75,75,75,1.332084059715271,1.332084059715271,44,44,317635360,317635360,24139890688.0,24139890688.0,2.546114380378931e+16,2.54418830229504e+16,64.25086975097656,64.25086975097656,231.39930725097656,231.39930725097656,182.20091247558597,182.20091247558597,-1426503936.0,-2921249536.0,328889888.0,1585828480.0,-93788200.0,-28697894.0,39.641231536865234,39.641231536865234,64.26329803466797,64.26329803466797,231.42295837402344,231.42295837402344,182.1943817138672,182.1943817138672,-864.3612060546875,-864.1299438476562,-465.0296020507813,-465.2102355957031,-1068.7073974609375,-1068.0447998046875,36.32328796386719,36.55968475341797,-0.9724429337430398,-0.8788197569911239,0.22420313010979298,0.4770757794732957,-0.06393510039251582,-0.00863338647398489,1466928172.853526,3324059925.5547967,0.060767805116149085,0.13769987480544787
76,76,76,1.3301383256912231,1.3301383256912231,25,25,277964559,277964559,13715846144.0,13715846144.0,1093800998993920.0,1096257720287232.0,70.57107543945312,70.57107543945312,20.76816940307617,20.76816940307617,188.83135986328125,188.83135986328125,-28173004.0,-69342152.0,97663560.0,168109968.0,-23899850.0,-136296000.0,41.46129989624024,41.46129989624024,70.57951354980469,70.57951354980469,20.764163970947266,20.764163970947266,188.8380279541016,188.8380279541016,215.86729431152344,216.0717010498047,-98.38137817382812,-98.4910659790039,-316.6242980957031,-316.9445495605469,31.44288825988769,31.682865142822266,-0.26981017266173934,-0.30512613764333774,0.9353146006851147,0.7397339678062647,-0.2288865843021096,-0.5997430258039347,104417871.7283594,227257332.11703452,0.007612936936744294,0.01656896189495741
77,77,77,1.326679825782776,1.326679825782776,55,55,13273435,13273435,30174861312.0,30174861312.0,5051115615813632.0,5042716807266304.0,9.271242141723633,9.271242141723633,178.8440704345703,178.8440704345703,88.28544616699219,88.28544616699219,275629120.0,-231526816.0,-335595680.0,-124739552.0,-165956352.0,-446583360.0,56.02025604248047,56.02025604248047,9.273422241210938,9.273422241210938,178.8473663330078,178.8473663330078,88.28298950195312,88.28298950195312,231.01095581054688,231.0366058349609,524.7084350585938,524.1146850585938,36.7270393371582,36.70780944824219,39.81529998779297,40.04734802246094,0.5928709271310739,-0.44673217024658257,-0.7218574073116193,-0.2406856006716148,-0.35696771180610687,-0.8616848668139195,464905778.6216307,518267614.06550205,0.015407056019732097,0.017175476258424305
78,78,78,1.3251343965530396,1.3251343965530396,39,39,223636387,223636387,21396719616.0,21396719616.0,9190821991546880.0,9200083014778880.0,62.438846588134766,62.438846588134766,72.26515197753906,72.26515197753906,234.46316528320312,234.46316528320312,123346968.0,205812096.0,-71903720.0,-246739504.0,-170626208.0,51970676.0,48.60699462890625,48.60699462890625,62.42964553833008,62.42964553833008,72.27024841308594,72.27024841308594,234.46502685546875,234.46502685546875,810.7120361328125,811.1714477539062,100.64652252197266,100.51131439208984,433.2643432617188,433.38519287109375,36.44773483276367,36.64380645751953,0.5544150278450916,0.6323259539470788,-0.3231899703117605,-0.7580691090344325,-0.7669238684441955,0.15967189449824443,222481285.3277567,325484182.1932,0.010397915630085186,0.015211873036360677
79,79,79,1.32426118850708,1.32426118850708,22,22,692386507,692386507,12069945344.0,12069945344.0,1924316744646656.0,1924209370464256.0,163.19639587402344,163.19639587402344,82.05571746826172,82.05571746826172,167.97247314453125,167.97247314453125,-225162048.0,-438758304.0,9452807.0,-223033696.0,84505232.0,40757092.0,37.92167663574219,37.92167663574219,163.20272827148438,163.20272827148438,82.04924011230469,82.04924011230469,167.96827697753906,167.96827697753906,-123.67877960205078,-123.5613021850586,119.07868194580078,118.9882583618164,-536.5783081054688,-536.577880859375,22.12430000305176,22.373291015625,-0.9355118271131744,-0.8883967632682711,0.03927488147522181,-0.4515980935739955,0.3511055468323982,0.08252486228278234,240683272.4871161,493876522.4513849,0.019940709392421596,0.04091787563038901
80,80,80,1.3175463676452637,1.3175463676452637,43,43,809219242,809219242,23591256064.0,23591256064.0,3.1690336736641024e+16,3.169819223182541e+16,184.5624847412109,184.5624847412109,202.20590209960935,202.20590209960935,47.11133575439453,47.11133575439453,-1394981504.0,-914457472.0,-453060928.0,-625386816.0,-166657760.0,-2043359616.0,44.4134635925293,44.4134635925293,184.57278442382807,184.57278442382807,202.20327758789065,202.20327758789065,47.11520385742188,47.11520385742188,-518.8616943359375,-518.5913696289062,1505.8582763671875,1506.0279541015625,382.8907165527344,383.4444274902344,32.58479309082031,32.64085006713867,-0.9450147726334355,-0.3934229657507568,-0.30692110872820094,-0.2690573847617299,-0.11290045403641256,-0.8791055077321819,1476147827.946287,2324362204.567721,0.0625718199972774,0.09852642853191154
81,81,81,1.3014543056488037,1.3014543056488037,49,49,779993676,779993676,26883059712.0,26883059712.0,5991953434935296.0,5978739431178240.0,195.06712341308597,195.06712341308597,215.9810333251953,215.9810333251953,155.09429931640625,155.09429931640625,-65800644.0,-254531712.0,212784976.0,605725440.0,-250791744.0,-227656544.0,52.11455154418945,52.11455154418945,195.0726318359375,195.0726318359375,215.98216247558597,215.98216247558597,155.0919647216797,155.0919647216797,422.34857177734375,421.877197265625,-257.0443725585937,-257.1867980957031,443.9313049316406,443.1321105957031,37.65641021728516,37.87960052490234,-0.1961764177644741,-0.3660462258336679,0.6343918814195738,0.8711036807996556,-0.7477043225112665,-0.3273966063511031,335415666.92791325,695354012.7897936,0.012476841197439708,0.025865880604334746
82,82,82,1.2864906787872314,1.2864906787872314,48,48,580542407,580542407,26334425088.0,26334425088.0,1.0412156071706624e+16,1.040464417390592e+16,149.57534790039062,149.57534790039062,163.17391967773438,163.17391967773438,240.9861297607422,240.9861297607422,-519374368.0,-488447424.0,-512938560.0,-368739744.0,-26300354.0,-954364032.0,38.75762176513672,38.75762176513672,149.56178283691406,149.56178283691406,163.18704223632812,163.18704223632812,240.9796600341797,240.9796600341797,770.5693969726562,770.8043212890625,-429.8084106445313,-428.7322082519531,-99.48966979980467,-99.3090362548828,28.00703430175781,28.169172286987305,-0.7110399542852999,-0.4308294013544496,-0.702229129361978,-0.3252426266518973,-0.036006017350950985,-0.8417857570291511,730443296.2871234,1133737443.3230643,0.02773720306580643,0.0430515357572656
83,83,83,1.286065936088562,1.286065936088562,28,28,782995756,782995756,15361747968.0,15361747968.0,4442563578691584.0,4438076143173632.0,185.9342803955078,185.9342803955078,193.35330200195312,193.35330200195312,62.18348693847656,62.18348693847656,92600896.0,-159780336.0,3590062.25,261807136.0,267366416.0,221924032.0,40.0452766418457,40.0452766418457,185.91342163085935,185.91342163085935,193.34786987304688,193.34786987304688,62.14731979370117,62.14731979370117,-24.968202590942383,-24.99870491027832,390.5535888671875,389.7678833007813,-650.5277709960938,-650.5155029296875,26.14764404296875,26.42216682434082,0.32724512328207533,-0.42205142659786365,0.01268703019451966,0.6915498991208837,0.9448543107553369,0.5862007594097808,282971049.56452125,378580253.33069396,0.01842049812000413,0.024644347382818222
84,84,84,1.2832837104797363,1.2832837104797363,24,24,258699236,258699236,13167212544.0,13167212544.0,794855236173824.0,794058922393600.0,58.36286926269531,58.36286926269531,177.69454956054688,177.69454956054688,243.1209716796875,243.1209716796875,104659680.0,245467872.0,-45809216.0,-92089104.0,-29059346.0,1211970.0,29.43526268005371,29.43526268005371,58.3563346862793,58.3563346862793,177.68048095703125,177.68048095703125,243.13522338867188,243.13522338867188,-117.15655517578124,-117.30692291259766,-161.00611877441406,-160.86256408691406,-281.8897705078125,-281.6871643066406,23.25247001647949,23.282360076904297,0.887821096080702,0.9362706947418553,-0.38859652886113955,-0.35124893811046265,-0.2465084970363789,0.0046227312139092746,117883749.84782581,262176177.65733808,0.008952825015461815,0.019911289255887785
85,85,85,1.274171233177185,1.274171233177185,25,25,965718621,965718621,13715846144.0,13715846144.0,4731667222626304.0,4720423535116288.0,239.97059631347656,239.97059631347656,241.9773712158203,241.9773712158203,149.08868408203125,149.08868408203125,-92484760.0,35556516.0,-79062240.0,251096720.0,-304138432.0,-83207216.0,47.13985443115234,47.13985443115234,239.97479248046875,239.97479248046875,241.9804534912109,241.9804534912109,149.0862579345703,149.0862579345703,638.5958251953125,637.5504760742188,-526.2037963867188,-525.9461059570312,-53.28901290893555,-53.227272033691406,28.41070556640625,28.24740028381348,-0.2823327761034881,0.1332188155349233,-0.24135718905644823,0.9407785516191824,-0.9284583516929918,-0.3117506439460637,327573586.30618227,266903108.67295516,0.02388285657822718,0.01945947088285997
86,86,86,1.2591928243637085,1.2591928243637085,22,22,231421694,231421694,12069945344.0,12069945344.0,7632844616630272.0,7619027706839040.0,39.557159423828125,39.557159423828125,177.4914093017578,177.4914093017578,185.12042236328125,185.12042236328125,134273536.0,-5902357.5,108840736.0,-131087232.0,-145850368.0,-208171216.0,32.49470520019531,32.49470520019531,39.56415557861328,39.56415557861328,177.49099731445312,177.49099731445312,185.1199493408203,185.1199493408203,-517.675537109375,-518.0398559570312,97.16724395751952,97.13710021972656,-992.7605590820312,-991.3558349609376,24.261320114135746,25.11285972595215,0.5937122649335326,-0.023985802451049903,0.4812570057557185,-0.5327078969050836,-0.6449011093792095,-0.8459592057869824,226159276.01736882,246077133.00588962,0.018737390234313957,0.020387592983444218
87,87,87,1.2520321607589722,1.2520321607589722,22,22,891816752,891816752,12069945344.0,12069945344.0,7788763740635136.0,7787242248470528.0,219.70550537109372,219.70550537109372,139.9052276611328,139.9052276611328,194.35470581054688,194.35470581054688,-55372328.0,-153692496.0,-228806592.0,-320719552.0,166571136.0,-168469920.0,28.47307777404785,28.47307777404785,219.695068359375,219.695068359375,139.91241455078125,139.91241455078125,194.37515258789065,194.37515258789065,446.3040466308594,445.9390258789063,862.0923461914062,862.01806640625,-588.1113891601562,-588.2127685546875,27.923770904541016,28.411148071289062,-0.192009981816032,-0.39055004002914634,-0.7934134459600155,-0.8149847073322948,0.5776047702822932,-0.42810114815044115,288382549.0544193,393528306.8682571,0.023892614327187072,0.032603984165005435
88,88,88,1.250349998474121,1.250349998474121,24,24,754234595,754234595,13167212544.0,13167212544.0,3326956024102912.0,3319579954642944.0,172.1494140625,172.1494140625,67.60321044921875,67.60321044921875,54.05963134765625,54.05963134765625,95409248.0,-36094640.0,-129317336.0,102149824.0,-164306368.0,-272523904.0,46.389739990234375,46.389739990234375,172.1454315185547,172.1454315185547,67.60848999023438,67.60848999023438,54.06002426147461,54.06002426147461,-388.8909301757813,-388.4786376953125,-542.4217529296875,-541.779052734375,-238.076171875,-237.9221649169922,32.668357849121094,32.51630401611328,0.41512709166188233,-0.12307691535139889,-0.5626616991587905,0.3483144655718493,-0.7148995104684922,-0.9292626679152571,229831417.69439143,293268968.4084591,0.017454827050628903,0.022272669133915905
89,89,89,1.248461365699768,1.248461365699768,24,24,912789292,912789292,13167212544.0,13167212544.0,8751917672955904.0,8776391470350336.0,220.2814178466797,220.2814178466797,140.42718505859375,140.42718505859375,192.95834350585935,192.95834350585935,-154405872.0,-114926040.0,-180069472.0,-119067232.0,-358076640.0,173213120.0,38.39741897583008,38.39741897583008,220.2675628662109,220.2675628662109,140.43296813964844,140.43296813964844,192.9608612060547,192.9608612060547,366.8644409179688,366.140380859375,971.639892578125,973.2058715820312,-498.5731201171875,-499.7821044921875,26.465883255004883,26.438068389892575,-0.35948701000843547,-0.4797430699251933,-0.41923688033754114,-0.49702991077718517,-0.8336723144017926,0.7230545308976181,429517250.1403509,239557478.16830477,0.03262021089923639,0.018193484563858255
90,90,90,1.2473865747451782,1.2473865747451782,21,21,668271058,668271058,11521310720.0,11521310720.0,845766570541056.0,845040452632576.0,152.12570190429688,152.12570190429688,81.1845474243164,81.1845474243164,120.76616668701172,120.76616668701172,171018848.0,58391792.0,-26043466.0,204587440.0,-113265208.0,-138754864.0,35.4274787902832,35.4274787902832,152.12559509277344,152.12559509277344,81.16043090820312,81.16043090820312,120.7668228149414,120.7668228149414,-326.3191223144531,-326.2479553222656,13.024524688720703,13.001823425292969,195.93304443359372,195.7435607910156,24.31868553161621,24.28577041625977,0.8270884660221234,0.22988442986435875,-0.12595249351603238,0.8054465429286484,-0.5477779100605141,-0.5462682632097785,206772135.0565001,254004988.6564895,0.017946928095391227,0.02204653574836401
91,91,91,1.2469857931137085,1.2469857931137085,29,29,758043050,758043050,15910381568.0,15910381568.0,890131703660544.0,890528853917696.0,180.3868560791016,180.3868560791016,244.98367309570312,244.98367309570312,103.0456085205078,103.0456085205078,133884032.0,15288524.0,-92770104.0,-315757056.0,124581320.0,84565648.0,31.96297836303711,31.96297836303711,180.4097442626953,180.4097442626953,244.97935485839844,244.97935485839844,103.03923797607422,103.03923797607422,-10.098023414611816,-10.06902027130127,298.7693176269531,298.8255310058594,-142.81065368652344,-142.8419952392578,26.666065216064453,26.715768814086918,0.6528852264614943,0.04671925987051932,-0.4523932350565628,-0.9649025605881981,0.6075205691525027,0.2584189608513459,205065188.4491618,327242427.26386446,0.012888766216745066,0.020567855388335617
92,92,92,1.2399795055389404,1.2399795055389404,58,58,992145102,992145102,31820763136.0,31820763136.0,2539484507799552.0,2535976593260544.0,238.43670654296875,238.43670654296875,46.83133316040039,46.83133316040039,171.12826538085938,171.12826538085938,-162833168.0,-460265760.0,171855888.0,22187804.0,133036176.0,82796048.0,50.43975830078125,50.43975830078125,238.4361114501953,238.4361114501953,46.84487915039063,46.84487915039063,171.11920166015625,171.11920166015625,80.95954895019531,80.86469268798828,-31.69902610778809,-31.66368293762207,-383.7289733886719,-383.468017578125,40.01911926269531,40.007957458496094,-0.5996096309904131,-0.9830967603045591,0.6328344946725458,0.04739165961568059,0.489886510098088,0.17684679945521206,271565297.7938966,468179510.4862432,0.008534217002692333,0.014713019561638813
93,93,93,1.239096999168396,1.239096999168396,21,21,410895829,410895829,11521310720.0,11521310720.0,3476116211761152.0,3468473854328832.0,101.21044158935548,101.21044158935548,228.5115509033203,228.5115509033203,128.181884765625,128.181884765625,-112592816.0,-113034512.0,29555860.0,-354901312.0,-298826560.0,-198321312.0,28.7851676940918,28.7851676940918,101.19487762451172,101.19487762451172,228.51052856445312,228.51052856445312,128.16944885253906,128.16944885253906,260.9495849609375,260.4945068359375,348.4491271972656,348.4676208496094,642.3502807617188,641.507080078125,20.80350685119629,20.645402908325195,-0.3510853819888528,-0.2678700242747904,0.09216067922227876,-0.8410477594718591,-0.9317969004879925,-0.46998331500425533,320699242.33864826,421975218.4143055,0.0278353088578665,0.036625626082785266
94,94,94,1.2359126806259155,1.2359126806259155,21,21,659721890,659721890,11521310720.0,11521310720.0,2215163608432640.0,2208335147302912.0,163.2270050048828,163.2270050048828,37.72350311279297,37.72350311279297,159.17721557617188,159.17721557617188,41327172.0,153026832.0,13855991.0,-6688743.5,92397064.0,147566128.0,37.686954498291016,37.686954498291016,163.2252960205078,163.2252960205078,37.72098922729492,37.72098922729492,159.18077087402344,159.18077087402344,339.5826416015625,339.334228515625,-134.77593994140625,-134.85418701171875,-499.0411682128906,-497.9910583496094,25.88585662841797,25.94505882263184,0.4045245756828707,0.7194775850339215,0.1356272062346941,-0.031448086308754925,0.9044142461270529,0.6938033024577451,102162327.04832911,212691590.65293908,0.008867248660430982,0.018460711269918696
95,95,95,1.2339404821395874,1.2339404821395874,23,23,1019172191,1019172191,12618578944.0,12618578944.0,4506679655792640.0,4507944523661312.0,1.9583492279052732,1.9583492279052732,241.8784027099609,241.8784027099609,89.84416961669922,89.84416961669922,289652448.0,310396672.0,30051786.0,-87729744.0,271451136.0,-205006128.0,38.583866119384766,38.583866119384766,1.962815284729004,1.962815284729004,241.87255859375,241.87255859375,89.85032653808594,89.85032653808594,807.1268920898438,807.3690185546875,-208.80099487304688,-208.68316650390625,129.1669464111328,128.82374572753906,29.194860458374023,28.89225006103516,0.7275785288764084,0.8121502295139765,0.0754871377713633,-0.22954412257616733,0.6818586190326618,-0.5363967752430402,398104722.0391552,382191201.47974825,0.031549093111506804,0.03028797483265547
96,96,96,1.231158971786499,1.231158971786499,28,28,288188397,288188397,15361747968.0,15361747968.0,3090616321835008.0,3098292770570240.0,67.41646575927734,67.41646575927734,227.9477996826172,227.9477996826172,5.680755615234375,5.680755615234375,199807040.0,123058808.0,20471954.0,69180696.0,-29669916.0,203181776.0,42.82879638671875,42.82879638671875,67.4184799194336,67.4184799194336,227.9576110839844,227.9576110839844,5.685050010681152,5.685050010681152,-6.39039421081543,-6.422170639038086,588.2310791015625,588.9950561523438,231.4547576904297,231.646728515625,30.27799797058105,30.3370361328125,0.9841128378807338,0.49738587829097447,0.10083084533910237,0.27961835320833683,-0.1461337159813938,0.8212313100617717,203032652.6684483,247411141.6730044,0.013216767589950367,0.01610566337817712
97,97,97,1.2267372608184814,1.2267372608184814,43,43,566065188,566065188,23591256064.0,23591256064.0,2101648562323456.0,2100931973873664.0,131.6232452392578,131.6232452392578,222.11654663085935,222.11654663085935,5.213692665100098,5.213692665100098,-153666128.0,-150067872.0,117973040.0,-25613502.0,-63932884.0,141007920.0,40.34634780883789,40.34634780883789,131.61407470703125,131.61407470703125,222.1122894287109,222.1122894287109,5.221574306488037,5.221574306488037,-202.24435424804688,-202.3415985107422,306.9927062988281,306.9636535644531,-200.60812377929688,-200.4049224853516,30.446168899536133,30.44194602966309,-0.7532442407816269,-0.7231900968933351,0.5782830224465635,-0.12343368867893079,-0.31338771462738896,0.67952940205301,204005712.4639196,207508195.48644045,0.008647513803863548,0.008795979108678987
98,98,98,1.2234314680099487,1.2234314680099487,20,20,324863050,324863050,10972677120.0,10972677120.0,3073765017649152.0,3068111230074880.0,75.81930541992188,75.81930541992188,221.22723388671875,221.22723388671875,28.52127456665039,28.52127456665039,-103299128.0,-23385414.0,79087480.0,160756272.0,-70774312.0,-211398944.0,35.525238037109375,35.525238037109375,75.81820678710938,75.81820678710938,221.21734619140625,221.21734619140625,28.515501022338867,28.515501022338867,-59.68083953857422,-59.600135803222656,582.493408203125,581.3009033203125,463.982421875,464.3892211914063,26.570268630981445,26.50285148620605,-0.6974809724786094,-0.08771512761254174,0.5340026922713478,0.6029723020082719,-0.4778717586102422,-0.7929252546102696,148103148.43845868,266606395.45893213,0.013497448874031818,0.024297297053695873
99,99,99,1.2215862274169922,1.2215862274169922,27,27,123228683,123228683,14813114368.0,14813114368.0,1342794278895616.0,1339773977362432.0,24.849609375,24.849609375,127.86431884765624,127.86431884765624,136.95924377441406,136.95924377441406,113755008.0,243321104.0,16695519.0,-179213504.0,-174612032.0,-74327424.0,44.625030517578125,44.625030517578125,24.845367431640625,24.845367431640625,127.86769104003906,127.86769104003906,136.95623779296875,136.95623779296875,-145.0806121826172,-144.79351806640625,-285.5511169433594,-285.2979431152344,275.2032470703125,274.8853454589844,31.48219871520996,31.454877853393555,0.5441123058833268,0.781873026961211,0.07985791131946379,-0.5758736194325549,-0.8352032762064704,-0.23883915958686988,209065310.17585975,311202836.79011124,0.014113528389917293,0.021008602854129484
100,100,100,1.220935344696045,1.220935344696045,24,24,898363234,898363234,13167212544.0,13167212544.0,1877817146998784.0,1875256809619456.0,215.28744506835935,215.28744506835935,189.72509765625,189.72509765625,205.73052978515625,205.73052978515625,43532092.0,164479392.0,-62113028.0,-40981948.0,66339776.0,74193320.0,41.6772346496582,41.6772346496582,215.2884063720703,215.2884063720703,189.7264404296875,189.7264404296875,205.7279510498047,205.7279510498047,79.23404693603516,79.05754852294922,-38.13641357421875,-38.15409469604492,-524.03515625,-523.6983032226562,30.98905563354492,30.93853187561035,0.43200638342575354,0.8889136732034515,-0.6164009896400698,-0.2214831504953085,0.6583466447473878,0.40097094113990345,100767242.49951184,185034156.81215933,0.007652891009603181,0.014052644490536092
