,Unnamed: 0_orig,Unnamed: 0_comp,mag_diff_orig,mag_diff_comp,fof_halo_count_orig,fof_halo_count_comp,fof_halo_tag_orig,fof_halo_tag_comp,fof_halo_mass_orig,fof_halo_mass_comp,fof_halo_ke_orig,fof_halo_ke_comp,fof_halo_center_x_orig,fof_halo_center_x_comp,fof_halo_center_y_orig,fof_halo_center_y_comp,fof_halo_center_z_orig,fof_halo_center_z_comp,fof_halo_angmom_x_orig,fof_halo_angmom_x_comp,fof_halo_angmom_y_orig,fof_halo_angmom_y_comp,fof_halo_angmom_z_orig,fof_halo_angmom_z_comp,fof_halo_max_cir_vel_orig,fof_halo_max_cir_vel_comp,fof_halo_com_x_orig,fof_halo_com_x_comp,fof_halo_com_y_orig,fof_halo_com_y_comp,fof_halo_com_z_orig,fof_halo_com_z_comp,fof_halo_mean_vx_orig,fof_halo_mean_vx_comp,fof_halo_mean_vy_orig,fof_halo_mean_vy_comp,fof_halo_mean_vz_orig,fof_halo_mean_vz_comp,fof_halo_vel_disp_orig,fof_halo_vel_disp_comp,fof_halo_1D_vel_disp_orig,fof_halo_1D_vel_disp_comp,fof_halo_angmom_dx_orig,fof_halo_angmom_dx_comp,fof_halo_angmom_dy_orig,fof_halo_angmom_dy_comp,fof_halo_angmom_dz_orig,fof_halo_angmom_dz_comp,fof_halo_angmom_mag_orig,fof_halo_angmom_mag_comp,fof_halo_specific_angmom_mag_orig,fof_halo_specific_angmom_mag_comp
0,0,0,6.400349140167236,6.400349140167236,53,53,812471593,812471593,29077594112.0,29077594112.0,6876166405226496.0,6868788188282880.0,201.8352508544922,201.8352508544922,216.0012664794922,216.0012664794922,64.43347930908203,64.43347930908203,-430465344.0,-700593792.0,-388582720.0,-6106185216.0,692521984.0,-118834136.0,31.641969680786133,31.641969680786133,201.8179473876953,201.8179473876953,216.01345825195312,216.01345825195312,64.35572814941406,64.35572814941406,264.3488464355469,264.6669311523437,211.68338012695312,211.5283203125,-594.9732055664062,-594.4356689453125,37.72541809082031,37.8542594909668,37.72541809082031,37.8542594909668,-0.47656712513524735,-0.11396598452628849,-0.43019897496704124,-0.9932965689786009,0.7666893876777169,-0.019330815458568698,903262775.1606578,6147393846.612138,0.03106387590670341,0.21141342791063916
1,1,1,4.709710121154785,4.709710121154785,60,60,897730265,897730265,32918032384.0,32918032384.0,8978504578236416.0,8985318006980608.0,216.77452087402344,216.77452087402344,26.22027587890625,26.22027587890625,169.74783325195312,169.74783325195312,-12484421.0,106893104.0,-1460609664.0,5945934848.0,1791085312.0,-6184575488.0,35.00935745239258,35.00935745239258,216.7146148681641,216.7146148681641,26.233402252197266,26.233402252197266,169.76177978515625,169.76177978515625,140.4845428466797,140.47201538085938,-493.7558288574219,-493.8352355957031,-527.3002319335938,-527.5858764648438,36.19622802734375,36.36962890625,36.19622802734375,36.36962890625,-0.005401767060842619,0.012458561008656908,-0.6319774999372102,0.6930081481898696,0.7749679093264018,-0.7208220937235771,2311173521.4388456,8579891684.579356,0.07020995345281345,0.26064412309010493
2,2,2,4.427200794219971,4.427200794219971,86,86,1058741546,1058741546,47182512128.0,47182512128.0,1.7136050853904384e+16,1.710166856695808e+16,3.493515014648437,3.493515014648437,192.2079162597656,192.2079162597656,72.23245239257812,72.23245239257812,-983121984.0,-3587582976.0,-1567304576.0,-7157450240.0,-2044678784.0,-12580337664.0,39.85428237915039,39.85428237915039,3.439788341522217,3.439788341522217,192.2573699951172,192.2573699951172,72.21735382080078,72.21735382080078,18.976608276367188,18.98350143432617,817.1242065429688,816.1705322265625,-230.1478271484375,-230.27801513671875,42.2409553527832,42.398475646972656,42.2409553527832,42.398475646972656,-0.35652942888175837,-0.24058524667783118,-0.5683833893038511,-0.4799824681670867,-0.7415032630438749,-0.8436442196407197,2757477796.667519,14911899318.598488,0.0584427931515567,0.31604716760617685
3,3,3,4.397438049316406,4.397438049316406,58,58,635281657,635281657,31820763136.0,31820763136.0,3155311682650112.0,3158222328299520.0,158.71505737304688,158.71505737304688,221.43157958984372,221.43157958984372,62.63007354736328,62.63007354736328,-1710582528.0,-2033866368.0,-773462592.0,6547751936.0,238720944.0,-3704506880.0,32.8539924621582,32.8539924621582,158.69393920898438,158.69393920898438,221.4656219482422,221.4656219482422,62.69536209106445,62.69536209106445,392.45843505859375,392.8431091308594,196.1495819091797,195.9289093017578,39.77963638305664,39.720252990722656,37.5814094543457,37.457462310791016,37.5814094543457,37.457462310791016,-0.9039037445058209,-0.2609816113063721,-0.4087120742203547,0.8401942613231203,0.12614460374843978,-0.4753548167417955,1892438811.5409386,7793140512.15815,0.059471823584266996,0.244907404604055
4,4,4,4.242699146270752,4.242699146270752,43,43,40756331,40756331,23591256064.0,23591256064.0,4499975211843584.0,4495245647544320.0,10.644905090332031,10.644905090332031,217.93174743652344,217.93174743652344,44.68571090698242,44.68571090698242,-1466775680.0,6303786496.0,327334176.0,559944768.0,1048296512.0,1016725696.0,34.20431900024414,34.20431900024414,10.648931503295898,10.648931503295898,217.8758850097656,217.8758850097656,44.683712005615234,44.683712005615234,-4.441283226013184,-4.4498066902160645,-50.77196502685547,-50.75138473510742,612.302490234375,611.939453125,36.43860626220703,36.64615249633789,36.43860626220703,36.64615249633789,-0.8004890994866536,0.983467209552305,0.17864179461814214,0.0873581804900603,0.5721051571334207,0.15862154972407955,1832349348.5927916,6409757676.485845,0.07767069899211246,0.27170056817225025
5,5,5,3.69103741645813,3.69103741645813,68,68,699067133,699067133,37307101184.0,37307101184.0,3010747915304960.0,3007342006239232.0,164.56887817382812,164.56887817382812,179.03726196289062,179.03726196289062,184.2754669189453,184.2754669189453,513200000.0,-5187136000.0,-1759101824.0,-5699209728.0,677956736.0,-1319435520.0,36.74332427978516,36.74332427978516,164.5266571044922,164.5266571044922,179.0872344970703,179.0872344970703,184.29180908203125,184.29180908203125,-68.17019653320312,-68.10186004638672,249.61134338378903,249.6863555908203,-298.3739929199219,-298.0393371582031,42.518348693847656,42.474700927734375,42.518348693847656,42.474700927734375,0.2626640315746006,-0.6634474687614094,-0.9003366660991301,-0.7289429596567355,0.3469891845497217,-0.16875905238225755,1953826707.5377746,7818457744.188652,0.05237144258143856,0.20957022915363296
6,6,6,3.4330883026123047,3.4330883026123047,65,65,782011213,782011213,35661201408.0,35661201408.0,1130502098518016.0,1130231649796096.0,187.6205291748047,187.6205291748047,195.8092193603516,195.8092193603516,210.01754760742188,210.01754760742188,533217856.0,-1352831744.0,481641184.0,-457365152.0,-250235520.0,1293869312.0,45.76595306396485,45.76595306396485,187.5941925048828,187.5941925048828,195.8040771484375,195.8040771484375,209.98370361328125,209.98370361328125,103.31456756591795,103.32831573486328,-208.5744781494141,-208.5392608642578,-34.00836944580078,-33.96296691894531,51.86063766479492,51.859893798828125,51.86063766479492,51.859893798828125,0.7008037385943403,-0.7020303807479297,0.6330169528460138,-0.23734232525474708,-0.32888243702232434,0.6714327703870185,760866169.2780334,1927027349.6692822,0.021335965678019632,0.054037084382608194
7,7,7,3.147273063659668,3.147273063659668,90,90,289071621,289071621,49377046528.0,49377046528.0,5488137128116224.0,5483256434655232.0,66.53874206542969,66.53874206542969,178.556640625,178.556640625,137.48756408691406,137.48756408691406,-25998540.0,10398482432.0,1870698112.0,9370237952.0,3629351936.0,3147161344.0,40.8036994934082,40.8036994934082,66.5799560546875,66.5799560546875,178.50416564941406,178.50416564941406,137.52914428710938,137.52914428710938,-134.99072265625,-135.02862548828125,213.51173400878903,213.4308624267578,390.6933898925781,390.4414367675781,44.136112213134766,44.22443008422852,44.136112213134766,44.22443008422852,-0.006367223917408781,0.7247879455810201,0.45814702521671796,0.6531179486283125,0.888853622226212,0.21936129813617808,4083182928.2643514,14346930706.282848,0.08269394820828177,0.29055870521026816
8,8,8,3.120783567428589,3.120783567428589,49,49,192539947,192539947,26883059712.0,26883059712.0,7431477222440960.0,7417134716026880.0,35.05235290527344,35.05235290527344,168.10586547851562,168.10586547851562,78.45320892333984,78.45320892333984,1981318656.0,1474869760.0,-342394784.0,1036644352.0,-351185056.0,5846999040.0,36.87293243408203,36.87293243408203,35.07479476928711,35.07479476928711,168.0567626953125,168.0567626953125,78.46678161621094,78.46678161621094,-633.9136352539062,-633.4552001953125,356.4401550292969,355.6523132324219,136.157958984375,136.2018280029297,42.58049392700195,42.82656097412109,42.58049392700195,42.82656097412109,0.9706996164309677,0.2410469189919591,-0.16774812294341213,0.16942508004233264,-0.17205470615398472,0.9556105509553214,2041124383.3440862,6118600337.925078,0.07592604432720036,0.22760059321647347
9,9,9,3.037616491317749,3.037616491317749,55,55,222416663,222416663,30174861312.0,30174861312.0,2268914184617984.0,2269160876802048.0,49.84233856201172,49.84233856201172,27.649887084960938,27.649887084960938,190.89170837402344,190.89170837402344,-224974032.0,-3052890112.0,228348112.0,7108236800.0,-2437990144.0,-1758110080.0,30.631322860717773,30.631322860717773,49.75803756713867,49.75803756713867,27.61384010314941,27.61384010314941,190.89486694335935,190.89486694335935,-205.90606689453125,-205.8223419189453,-50.70210266113281,-50.70767211914063,-315.771728515625,-315.8877258300781,43.60655212402344,43.518550872802734,43.60655212402344,43.518550872802734,-0.09149102466497464,-0.3848170366768157,0.09286317430267858,0.8959938029283024,-0.9914665013323363,-0.22160991267845523,2458973793.5914326,7933354870.054611,0.08149080680657654,0.26291272022846573
10,10,10,2.988198757171631,2.988198757171631,41,41,1043235843,1043235843,22493988864.0,22493988864.0,1012902874054656.0,1014551537516544.0,244.8926544189453,244.8926544189453,238.64059448242188,238.64059448242188,5.7499847412109375,5.7499847412109375,-102037440.0,140622112.0,309915776.0,404484608.0,578804352.0,-1389504640.0,32.26327896118164,32.26327896118164,244.9268341064453,244.9268341064453,238.61849975585935,238.61849975585935,5.750602722167969,5.750602722167969,-141.44775390625,-141.38450622558594,256.2784423828125,256.5790405273437,-44.26190185546875,-44.237266540527344,28.3704776763916,28.44376373291016,28.3704776763916,28.44376373291016,-0.15357023009703857,0.09671420942803528,0.4664350363064995,0.27818817774923443,0.8711225753782857,-0.955645174452982,664435027.1242296,1453996396.5133421,0.0295383371593826,0.06463933121440982
11,11,11,2.971602439880371,2.971602439880371,44,44,817358711,817358711,24139890688.0,24139890688.0,2401348695883776.0,2406941280174080.0,191.10948181152344,191.10948181152344,131.06118774414062,131.06118774414062,225.80796813964844,225.80796813964844,158027776.0,-439356320.0,-497300256.0,-899917248.0,104254576.0,1511862272.0,34.32278823852539,34.32278823852539,191.0907745361328,191.0907745361328,131.01931762695312,131.01931762695312,225.7866668701172,225.7866668701172,-324.7008361816406,-325.3151550292969,279.5450134277344,279.6617126464844,-53.0312728881836,-52.95449066162109,64.71577453613281,64.73352813720703,64.71577453613281,64.73352813720703,0.29697893937435293,-0.2422760712296117,-0.9345680001057167,-0.49624508707921655,0.19592386977212708,0.8336924605988019,532117786.9815211,1813453213.8075242,0.022043090163868812,0.07512267711754786
12,12,12,2.937081813812256,2.937081813812256,55,55,864606724,864606724,30174861312.0,30174861312.0,9482041175310336.0,9464829093871616.0,211.85763549804688,211.85763549804688,148.17074584960938,148.17074584960938,138.89425659179688,138.89425659179688,-89851216.0,-6184262144.0,1319726208.0,5334213632.0,2131745152.0,1113078016.0,40.85185623168945,40.85185623168945,211.83421325683597,211.83421325683597,148.12979125976562,148.12979125976562,138.87527465820312,138.87527465820312,261.5462951660156,261.3688049316406,378.6061401367188,377.7468872070313,637.9293212890625,637.60400390625,57.06721496582031,57.116336822509766,57.06721496582031,57.116336822509766,-0.035814389888458836,-0.7502947507448844,0.5260383895008091,0.6471641069297797,0.8497063859053388,0.13504223675003554,2508802084.297253,8242443570.1573715,0.08314212477588248,0.2731559719507145
13,13,13,2.9159204959869385,2.9159204959869385,51,51,343269019,343269019,27980326912.0,27980326912.0,8533483152474112.0,8537914484981760.0,83.25227355957031,83.25227355957031,94.13965606689452,94.13965606689452,159.40496826171875,159.40496826171875,640077568.0,-2062185600.0,-737920064.0,-1582246016.0,21462230.0,-298213344.0,47.06534576416016,47.06534576416016,83.25363159179688,83.25363159179688,94.13272094726562,94.13272094726562,159.38465881347656,159.38465881347656,-302.94879150390625,-303.0000915527344,430.4320983886719,429.9572143554688,-572.2920532226562,-572.8795166015625,42.40723037719727,42.49163818359375,42.40723037719727,42.49163818359375,0.6550920721863548,-0.7882058544842937,-0.7552296909015371,-0.604763981013954,0.02196567639195903,-0.11398271020132165,977080314.6247149,2616303327.700153,0.03492026085676904,0.09350510220729735
14,14,14,2.893185377120972,2.893185377120972,58,58,514790251,514790251,31820763136.0,31820763136.0,1.423238345261056e+16,1.4232654035550208e+16,109.11827850341795,109.11827850341795,241.5973052978516,241.5973052978516,208.25218200683597,208.25218200683597,-915466816.0,-1138203520.0,1950816896.0,-6055968768.0,-1861642880.0,-3790985984.0,35.8737907409668,35.8737907409668,109.06995391845705,109.06995391845705,241.6053924560547,241.6053924560547,208.2174835205078,208.2174835205078,-501.3789978027344,-502.0486755371094,159.8504180908203,159.4927215576172,-781.962158203125,-781.5604248046875,45.22718811035156,45.54805755615234,45.22718811035156,45.54805755615234,-0.3214741790238995,-0.15732416406712163,0.6850464146889973,-0.8370649073745585,-0.6537321790631545,-0.523995656702041,2847714919.996548,7234766043.405707,0.08949235151355699,0.2273599163063676
15,15,15,2.768688440322876,2.768688440322876,40,40,224294941,224294941,21945354240.0,21945354240.0,3232981871230976.0,3226638741405696.0,53.34120941162109,53.34120941162109,241.3013916015625,241.3013916015625,10.781970977783203,10.781970977783203,1225927552.0,3452988672.0,-541706560.0,-416168096.0,422272320.0,3609975040.0,37.19719314575195,37.19719314575195,53.30913543701172,53.30913543701172,241.29844665527344,241.29844665527344,10.80519962310791,10.80519962310791,1.7143666744232178,1.696238994598389,511.21478271484375,510.7408142089844,168.89398193359375,168.713623046875,39.87742233276367,39.74028778076172,39.87742233276367,39.74028778076172,0.872406376507438,0.6888331863626272,-0.3854944416323136,-0.08302094876671166,0.3005014970008516,0.7201502367085533,1405225345.678738,5012808239.152141,0.06403293062899941,0.2284222976913833
16,16,16,2.730895519256592,2.730895519256592,47,47,602302420,602302420,25785790464.0,25785790464.0,6556409848135680.0,6544620162908160.0,142.4896240234375,142.4896240234375,111.76520538330078,111.76520538330078,4.1038360595703125,4.1038360595703125,1698385280.0,6853721600.0,692280256.0,1420515200.0,577965696.0,-107354592.0,34.26255416870117,34.26255416870117,142.477783203125,142.477783203125,111.81901550292967,111.81901550292967,4.088637351989746,4.088637351989746,-70.90901184082031,-70.89341735839844,542.651611328125,542.025146484375,453.1265563964844,452.8803405761719,35.149044036865234,35.10315704345703,35.149044036865234,35.10315704345703,0.8832100208562803,0.9790742313017017,0.36000598129309686,0.20292476243744464,0.3005590665613721,-0.015335918319049874,1922968761.5561695,7000206297.828735,0.07457474550725371,0.2714753424992671
17,17,17,2.6768152713775635,2.6768152713775635,52,52,227493669,227493669,28528959488.0,28528959488.0,1.1740219015430144e+16,1.1747651456335872e+16,57.171504974365234,57.171504974365234,236.70265197753903,236.70265197753903,186.94895935058597,186.94895935058597,1147172736.0,3301683968.0,-1354416512.0,-5459025408.0,1951015552.0,-3374291200.0,36.04314041137695,36.04314041137695,57.1182746887207,57.1182746887207,236.67893981933597,236.67893981933597,186.95274353027344,186.95274353027344,91.72303009033205,91.84040832519533,-442.3987426757813,-442.0542602539063,-783.2845458984375,-783.7662353515625,42.32514190673828,42.5188102722168,42.32514190673828,42.5188102722168,0.43493122828106273,0.4574746227991453,-0.513504216655575,-0.756391469801555,0.7396946979280509,-0.46753493335388646,2637595696.528533,7217195891.212544,0.09245327358111229,0.2529778870571245
18,18,18,2.63930892944336,2.63930892944336,86,86,304363741,304363741,47182512128.0,47182512128.0,2.3397740583059456e+16,2.339380639301632e+16,79.3717041015625,79.3717041015625,69.00909423828125,69.00909423828125,49.6104850769043,49.6104850769043,-4634344960.0,7794500096.0,1347014656.0,6362740736.0,-1749247616.0,-3731510784.0,42.86494827270508,42.86494827270508,79.36046600341797,79.36046600341797,69.00407409667969,69.00407409667969,49.5548095703125,49.5548095703125,764.388427734375,764.2615356445312,-438.171875,-437.8959655761719,-453.8932800292969,-454.0233154296875,56.25471878051758,56.69996643066406,56.25471878051758,56.69996643066406,-0.9027883435922779,0.7263267165603272,0.2624036709785113,0.5929089140014452,-0.34076020913673655,-0.3477190252320413,5133368184.129975,10731396654.266682,0.10879811083826603,0.22744436805640622
19,19,19,2.528554916381836,2.528554916381836,48,48,873559853,873559853,26334425088.0,26334425088.0,5568174917419008.0,5569263691628544.0,213.37599182128903,213.37599182128903,20.884052276611328,20.884052276611328,189.5788726806641,189.5788726806641,985263040.0,-394534400.0,-777689216.0,-3657550848.0,139452752.0,122887888.0,36.25408554077149,36.25408554077149,213.34410095214844,213.34410095214844,20.89610481262207,20.89610481262207,189.6183624267578,189.6183624267578,246.82737731933597,247.16281127929688,-110.75660705566406,-110.88825988769533,-586.6869506835938,-586.519775390625,42.77644729614258,43.10226058959961,42.77644729614258,43.10226058959961,0.7801409847990471,-0.10718654623786254,-0.6157819853242834,-0.993678227010079,0.1104200633347794,0.03338600712430975,1262929469.413518,3680820157.4521375,0.047957358673799425,0.13977218584237874
20,20,20,2.521781206130981,2.521781206130981,65,65,624117144,624117144,35661201408.0,35661201408.0,1.3007756206276608e+16,1.2989867667488768e+16,136.9803009033203,136.9803009033203,59.13019943237305,59.13019943237305,112.34884643554688,112.34884643554688,1796116992.0,-3673290496.0,772689088.0,2794529536.0,-4080628736.0,5727716352.0,37.15175628662109,37.15175628662109,136.92013549804688,136.92013549804688,59.11826705932617,59.11826705932617,112.31707000732422,112.31707000732422,-582.7359008789062,-582.0712280273438,369.9748840332031,369.6078796386719,497.7765502929688,497.7718811035156,41.93100738525391,42.1175651550293,41.93100738525391,42.1175651550293,0.3969417166186941,-0.4993668936926919,0.17076422881658992,0.3799033959455189,-0.9018186357380733,0.7786566093168247,4524888457.932898,7355895119.191714,0.12688547438891987,0.2062716573968689
21,21,21,2.427386283874512,2.427386283874512,46,46,354250581,354250581,25237157888.0,25237157888.0,4772503234805760.0,4780915465125888.0,84.30774688720703,84.30774688720703,219.648193359375,219.648193359375,199.83883666992188,199.83883666992188,-2130872448.0,-4039817216.0,-1972865152.0,-9964211200.0,-1963611776.0,-4177470976.0,29.514175415039062,29.514175415039062,84.22930145263672,84.22930145263672,219.6569976806641,219.6569976806641,199.8627166748047,199.8627166748047,16.458141326904297,16.49386978149414,242.4167938232422,242.0787506103516,-560.77587890625,-561.4881591796875,39.606712341308594,39.73228454589844,39.606712341308594,39.73228454589844,-0.6078641156357089,-0.3502216813581408,-0.5627901060030921,-0.863821953639503,-0.5601504382819369,-0.3621552240643636,3505507881.1018767,11535028900.363354,0.1389026409653168,0.45706529045602784
22,22,22,2.371926784515381,2.371926784515381,61,61,14624839,14624839,33466664960.0,33466664960.0,6877677159972864.0,6877181628121088.0,3.598162651062012,3.598162651062012,245.81512451171875,245.81512451171875,29.29882049560547,29.29882049560547,1468300032.0,3574174976.0,-579567104.0,2948105472.0,-731516992.0,-1119304064.0,42.55508804321289,42.55508804321289,3.5655951499938965,3.5655951499938965,245.8321533203125,245.8321533203125,29.294816970825195,29.294816970825195,114.79776763916016,114.69338989257812,44.05002975463867,43.93257141113281,622.18701171875,622.2548217773438,54.10162353515625,53.8555908203125,54.10162353515625,53.8555908203125,0.8439453566849616,0.749863500885152,-0.33312194759126057,0.6185138402727693,-0.420459276224105,-0.2348304908466849,1739804621.6730418,4766434120.051158,0.05198619652578139,0.1424233375434359
23,23,23,2.2710628509521484,2.2710628509521484,77,77,61614458,61614458,42244808704.0,42244808704.0,1.4500284185182208e+16,1.4495248336027648e+16,10.757720947265623,10.757720947265623,207.3452911376953,207.3452911376953,88.60755920410156,88.60755920410156,3728208896.0,-3242149632.0,433590240.0,2128072576.0,844352704.0,5832300032.0,39.72402191162109,39.72402191162109,10.741209030151367,10.741209030151367,207.395263671875,207.395263671875,88.5692138671875,88.5692138671875,-132.74859619140625,-132.708740234375,726.7607421875,726.6568603515625,-366.8832092285156,-366.6285400390625,45.02492141723633,45.4300651550293,45.02492141723633,45.4300651550293,0.9690862525874748,-0.4629000266917152,0.11270461300892294,0.3038369489518697,0.21947552312837498,0.8327104381118494,3847138359.5068307,7003995344.677794,0.09106771879268943,0.16579540917685853
24,24,24,2.2167904376983643,2.2167904376983643,98,98,621549741,621549741,53766119424.0,53766119424.0,7631349431140352.0,7628200683241472.0,155.95687866210938,155.95687866210938,198.20535278320312,198.20535278320312,50.92937469482422,50.92937469482422,3979513856.0,850708032.0,1062172992.0,-940012032.0,-2820084480.0,7603494912.0,46.62115097045898,46.62115097045898,155.96165466308594,155.96165466308594,198.26580810546875,198.26580810546875,50.943138122558594,50.943138122558594,410.2253723144531,410.15625,192.73126220703125,192.82383728027344,266.4446716308594,266.2611083984375,49.830039978027344,49.835636138916016,49.830039978027344,49.835636138916016,0.7972173748359771,0.11036021107074002,0.21278547956987318,-0.12194539414029562,-0.5649484905226779,0.9863822507833309,4991755049.015035,7708466880.828117,0.09284201840289084,0.14337034108857835
25,25,25,2.1866872310638428,2.1866872310638428,43,43,707891984,707891984,23591256064.0,23591256064.0,1959932760948736.0,1954390508306432.0,164.0575714111328,164.0575714111328,22.86072540283203,22.86072540283203,188.37576293945312,188.37576293945312,-689326848.0,-47967596.0,-156284464.0,-1856161152.0,440727616.0,570072576.0,33.44807052612305,33.44807052612305,164.01205444335938,164.01205444335938,22.8404598236084,22.8404598236084,188.36593627929688,188.36593627929688,-241.2835998535156,-241.1399383544922,-88.06114196777344,-88.02899169921875,-311.0295715332031,-310.3905029296875,33.890140533447266,33.90118789672852,33.890140533447266,33.90118789672852,-0.8275541353777243,-0.024695995965240067,-0.18762341094611054,-0.9556398932443342,0.5291045347416464,0.2935004296815294,832968888.1143316,1942322798.704495,0.03530837382522557,0.08233231810274225
26,26,26,2.1476540565490723,2.1476540565490723,43,43,854851314,854851314,23591256064.0,23591256064.0,2815542188572672.0,2816233678307328.0,203.91650390625,203.91650390625,67.23323822021484,67.23323822021484,177.38397216796875,177.38397216796875,-800381760.0,-4236436736.0,261183664.0,-698957824.0,1433063040.0,1549026944.0,34.232295989990234,34.232295989990234,203.90414428710935,203.90414428710935,67.2727279663086,67.2727279663086,177.3718719482422,177.3718719482422,-27.39992904663086,-27.368358612060547,156.68927001953125,156.76150512695312,-457.9759826660156,-457.9559326171875,34.87799453735352,35.144901275634766,34.87799453735352,35.144901275634766,-0.4815553725940717,-0.9281102460717574,0.15714300714824492,-0.1531263083699263,0.8622125598889124,0.33935778291004376,1662076275.2338426,4564583522.195549,0.07045306408123614,0.1934862437935661
27,27,27,2.142965793609619,2.142965793609619,69,69,1031680681,1031680681,37855735808.0,37855735808.0,3448322673082368.0,3446719308103680.0,248.4755706787109,248.4755706787109,226.4012756347656,226.4012756347656,161.85324096679688,161.85324096679688,3563632384.0,4580278784.0,-1002096192.0,-8948703232.0,596703616.0,1216700928.0,34.01823425292969,34.01823425292969,248.3866424560547,248.3866424560547,226.389404296875,226.389404296875,161.84999084472656,161.84999084472656,130.98260498046875,130.9072265625,-23.8767147064209,-23.874202728271484,-398.582763671875,-398.5133056640625,43.15690231323242,43.12022018432617,43.15690231323242,43.12022018432617,0.950395653071425,0.45232252082757674,-0.26725199521484316,-0.8837235013239149,0.15913665095327656,0.12015452700579807,3749630348.669306,10126134722.674976,0.09905052084278604,0.2674927459879154
28,28,28,2.099400520324707,2.099400520324707,49,49,17692832,17692832,26883059712.0,26883059712.0,6134971550924800.0,6134607552446464.0,12.73198127746582,12.73198127746582,221.30398559570312,221.30398559570312,49.982234954833984,49.982234954833984,-2786427648.0,2122536064.0,330848864.0,-4801918976.0,3220967424.0,-2254953728.0,31.084699630737305,31.084699630737305,12.736312866210938,12.736312866210938,221.2531280517578,221.2531280517578,50.03450012207031,50.03450012207031,419.19927978515625,418.999267578125,-19.27259635925293,-19.30238914489746,524.8431396484375,525.0009155273438,40.2465934753418,40.1378059387207,40.2465934753418,40.1378059387207,-0.652284273583569,0.3714703172477883,0.07744952971418012,-0.8403957867511148,0.7540071596361722,-0.39464506206818584,4271799521.843002,5713877974.762027,0.15890302545941842,0.21254567136238137
29,29,29,2.0896542072296143,2.0896542072296143,65,65,262561658,262561658,35661201408.0,35661201408.0,3373546755588096.0,3376939242881024.0,56.82820892333984,56.82820892333984,98.97953033447266,98.97953033447266,216.4150390625,216.4150390625,510959200.0,5066693632.0,2050631168.0,8986329088.0,3698358784.0,478099008.0,28.66026306152344,28.66026306152344,56.74689865112305,56.74689865112305,99.051025390625,99.051025390625,216.4540100097656,216.4540100097656,-277.98162841796875,-278.06201171875,-151.78297424316406,-151.88502502441406,-291.81512451171875,-291.87286376953125,35.27000427246094,35.65011978149414,35.27000427246094,35.65011978149414,0.11995528948502078,0.49060946318858273,0.4814162371172616,0.8701489393506764,0.8682448589910691,0.04629447026053655,4259580400.2774315,10327345907.823309,0.11944579072206651,0.28959612968918486
30,30,30,2.088684558868408,2.088684558868408,42,42,551557669,551557669,23042621440.0,23042621440.0,3466453609086976.0,3463942932267008.0,125.3457489013672,125.3457489013672,1.5290937423706057,1.5290937423706057,142.58456420898438,142.58456420898438,2247786752.0,5161011712.0,-929973504.0,-3955856128.0,1274867584.0,-2631906560.0,30.534151077270508,30.534151077270508,125.36357879638672,125.36357879638672,1.4833779335021973,1.4833779335021973,142.6337432861328,142.6337432861328,-439.3932189941406,-439.1821594238281,-54.12102890014648,-54.11886215209961,318.45074462890625,318.3019104003906,33.99422073364258,34.29939270019531,33.99422073364258,34.29939270019531,0.8184500301934529,0.7356993022757986,-0.33861612617419284,-0.5639050549926444,0.4641967978897734,-0.3751767924387724,2746394610.6382356,7015110244.137818,0.11918759407602521,0.3044406324343025
31,31,31,2.0371224880218506,2.0371224880218506,58,58,1030413625,1030413625,31820763136.0,31820763136.0,1.0100573374251008e+16,1.006942734516224e+16,248.77328491210935,248.77328491210935,187.1070709228516,187.1070709228516,72.57408142089844,72.57408142089844,2663323136.0,5512217088.0,-1266124416.0,-2976860160.0,2848045056.0,-4814005248.0,39.3519287109375,39.3519287109375,248.72711181640625,248.72711181640625,187.08108520507807,187.08108520507807,72.56488800048828,72.56488800048828,113.1939697265625,113.06092834472656,722.6824951171875,721.5430908203125,-308.3160400390625,-308.0917663574219,39.58136749267578,38.97151184082031,39.58136749267578,38.97151184082031,0.6496350315562411,0.6976881858555274,-0.30883176127760986,-0.37678490005363063,0.6946922117032053,-0.6093146431928241,4099722161.8727117,7900688588.041296,0.1288379585477177,0.24828721279481059
32,32,32,1.9911799430847168,1.9911799430847168,41,41,453668102,453668102,22493988864.0,22493988864.0,2536523127848960.0,2534138884128768.0,108.84686279296876,108.84686279296876,175.00344848632812,175.00344848632812,71.18116760253906,71.18116760253906,151205232.0,404541920.0,740029376.0,357063584.0,-1206851072.0,-4004311808.0,31.52367401123047,31.52367401123047,108.79206848144533,108.79206848144533,174.99961853027344,174.99961853027344,71.17672729492188,71.17672729492188,0.1546740233898162,0.0886102840304374,356.0409240722656,355.5951538085937,308.8515625,308.9754943847656,33.53874588012695,33.6808967590332,33.53874588012695,33.6808967590332,0.10620387723231138,0.10012168176820696,0.5197835283702882,0.08837108037719164,-0.8476708205994578,-0.9910429864505746,1423726100.594729,4040502644.9371915,0.06329362520816836,0.17962588446923805
33,33,33,1.9764255285263064,1.9764255285263064,63,63,716146260,716146260,34563932160.0,34563932160.0,2.2060193277804544e+16,2.204436202835149e+16,170.35447692871094,170.35447692871094,0.0999650955200195,0.0999650955200195,149.62796020507812,149.62796020507812,640939392.0,9997145088.0,2497018880.0,7456310272.0,4928464896.0,1977270784.0,41.34048080444336,41.34048080444336,170.35696411132812,170.35696411132812,0.0745419561862945,0.0745419561862945,149.58853149414062,149.58853149414062,-547.09716796875,-546.9354248046875,705.5751342773438,705.5453491210938,682.6478881835938,682.0228271484375,66.64986419677734,67.03854370117188,66.64986419677734,67.03854370117188,0.1152357362936709,0.791707932431057,0.44894386702947015,0.5904905787648774,0.886098261671628,0.15658680057929905,5561984611.844775,12627314541.743038,0.16091874576358314,0.36533211798038195
34,34,34,1.93817138671875,1.93817138671875,41,41,678103311,678103311,22493988864.0,22493988864.0,1683036219375616.0,1687991940546560.0,159.60304260253906,159.60304260253906,177.7730712890625,177.7730712890625,59.03618621826172,59.03618621826172,837345088.0,519056320.0,187322544.0,-1633434240.0,426988288.0,611645312.0,38.00592041015625,38.00592041015625,159.56105041503906,159.56105041503906,177.7798309326172,177.7798309326172,59.030757904052734,59.030757904052734,-35.75039291381836,-35.741920471191406,60.3905143737793,60.31758117675781,-374.657958984375,-375.2658081054688,38.07674407958984,38.05131149291992,38.07674407958984,38.05131149291992,0.8736787424296989,0.2852286385404716,0.19545074905921217,-0.8975947435156746,0.44551594777140446,0.33610757231782085,958413026.8196121,1819790336.1178446,0.04260751761789492,0.0809011841839349
35,35,35,1.919594168663025,1.919594168663025,68,68,787108111,787108111,37307101184.0,37307101184.0,8445388541394944.0,8441511796539392.0,189.6211853027344,189.6211853027344,172.31515502929688,172.31515502929688,55.78448867797852,55.78448867797852,1344616064.0,4418323456.0,1577760128.0,-6941096448.0,4464868864.0,7161879552.0,37.21284103393555,37.21284103393555,189.56658935546875,189.56658935546875,172.2938232421875,172.2938232421875,55.75900268554688,55.75900268554688,-6.4228925704956055,-6.413843154907227,403.50689697265625,403.3553466796875,-534.7760620117188,-534.700927734375,36.07926559448242,36.05582809448242,36.07926559448242,36.05582809448242,0.27314944322025153,0.4050390950644922,0.3205110455219973,-0.6363081951900629,0.9070071947712778,0.6565479511835385,4922638860.793069,10908387634.276375,0.13194911168558587,0.2923944044989131
36,36,36,1.9193832874298096,1.9193832874298096,67,67,247794685,247794685,36758466560.0,36758466560.0,4242319318450176.0,4240524558991360.0,61.108097076416016,61.108097076416016,80.01092529296875,80.01092529296875,246.5412139892578,246.5412139892578,4956848128.0,6484282880.0,-3524799488.0,-15097056256.0,10232645.0,208515408.0,34.58635711669922,34.58635711669922,61.02788543701172,61.02788543701172,79.99639892578125,79.99639892578125,246.5577545166016,246.5577545166016,82.49919128417969,82.41400909423828,-39.98173141479492,-39.96222305297852,-466.6593627929688,-466.5810241699219,39.35192489624024,39.31401062011719,39.35192489624024,39.31401062011719,0.8149596293289514,0.3946132083717412,-0.5795152907697393,-0.9187597019439144,0.0016823578937487972,0.012689596624418494,6082323528.199224,16431996553.677317,0.16546728134785457,0.4470261708783675
37,37,37,1.9139389991760252,1.9139389991760252,48,48,540148740,540148740,26334425088.0,26334425088.0,3750249478750208.0,3737844539457536.0,119.47474670410156,119.47474670410156,32.935508728027344,32.935508728027344,2.253911018371582,2.253911018371582,-2259859200.0,-2949752320.0,-651605760.0,4040962048.0,3007174144.0,-2550987776.0,32.644996643066406,32.644996643066406,119.48434448242188,119.48434448242188,32.88404083251953,32.88404083251953,2.210110902786255,2.210110902786255,-524.3079223632812,-523.399169921875,53.0058822631836,53.02408218383789,59.73686218261719,59.72710037231445,34.352813720703125,34.39760208129883,34.352813720703125,34.39760208129883,-0.5919463052843408,-0.5252533244285709,-0.1706812628565509,0.71956168496265,0.7876975804012039,-0.45424654837482975,3817675994.9780903,5615866064.644274,0.14496902750756152,0.2132518954136309
38,38,38,1.904823303222656,1.904823303222656,56,56,284092552,284092552,30723495936.0,30723495936.0,3750282227875840.0,3742579204030464.0,62.212032318115234,62.212032318115234,238.53826904296875,238.53826904296875,39.887794494628906,39.887794494628906,-819258752.0,-893350464.0,1799685376.0,5556371968.0,-46833468.0,-323995520.0,35.37139129638672,35.37139129638672,62.1679573059082,62.1679573059082,238.54290771484372,238.54290771484372,39.92810821533203,39.92810821533203,-9.056378364562988,-9.042092323303224,61.85079956054688,61.70637130737305,482.0334777832031,481.5651245117188,51.210052490234375,51.10569763183594,51.210052490234375,51.10569763183594,-0.4141980281294041,-0.15847840206490443,0.9098787558543229,0.9856881327671961,-0.023677904018365063,-0.057476090688847264,1977939768.810407,5637048660.006873,0.06437873388271458,0.1834767980749778
39,39,39,1.898727536201477,1.898727536201477,77,77,923847438,923847438,42244808704.0,42244808704.0,8412500366196736.0,8414238754209792.0,222.3308258056641,222.3308258056641,3.955499649047852,3.955499649047852,184.2410888671875,184.2410888671875,-1728895616.0,5941582848.0,-3487582464.0,5843555328.0,6264548864.0,-820891840.0,37.9777946472168,37.9777946472168,222.2714080810547,222.2714080810547,3.968115091323853,3.968115091323853,184.19561767578125,184.19561767578125,83.20260620117188,83.18900299072266,-386.3701477050781,-386.3266296386719,-484.1594848632813,-484.3146667480469,50.526702880859375,50.42074203491211,50.526702880859375,50.42074203491211,-0.2344130371320757,0.7095298103047782,-0.47286533094824396,0.6978235950672578,0.8493814848521974,-0.09802896743449405,7375424324.31301,8373972117.4615555,0.1745877079475249,0.19822487956179705
40,40,40,1.8915666341781616,1.8915666341781616,44,44,334836953,334836953,24139890688.0,24139890688.0,3572475682095104.0,3572672713719808.0,81.28215789794922,81.28215789794922,71.81861877441406,71.81861877441406,57.72484588623047,57.72484588623047,-2369022208.0,-3107670016.0,44963796.0,860616576.0,558284288.0,5029567488.0,30.14218139648437,30.14218139648437,81.2238540649414,81.2238540649414,71.83071899414062,71.83071899414062,57.70963287353516,57.70963287353516,25.03616523742676,25.058460235595703,-520.583251953125,-520.6298828125,143.66607666015625,143.62437438964844,35.154151916503906,35.05268096923828,35.154151916503906,35.05268096923828,-0.973171614499106,-0.5201544060251488,0.018470696390925707,0.14404795283923652,0.22933783400921326,0.8418370276813972,2434331388.9393926,5974514451.86787,0.10084268484900409,0.24749550563780376
41,41,41,1.8808355331420896,1.8808355331420896,58,58,41244501,41244501,31820763136.0,31820763136.0,7639922722734080.0,7638636916899840.0,18.635448455810547,18.635448455810547,93.991455078125,93.991455078125,206.3828125,206.3828125,-1104562560.0,-3312408832.0,-1667123840.0,-7945916928.0,-2945895168.0,-2204323584.0,42.95811462402344,42.95811462402344,18.601642608642575,18.601642608642575,94.00145721435548,94.00145721435548,206.3592834472656,206.3592834472656,418.0009460449219,417.9263305664063,416.13873291015625,415.947265625,-354.3639831542969,-354.4776916503906,47.30988693237305,47.521759033203125,47.30988693237305,47.521759033203125,-0.31022071230750625,-0.3727489816160765,-0.46821824664202366,-0.8941627054923705,-0.8273661723607586,-0.2480549390976566,3560569994.775534,8886432949.162851,0.11189455072330841,0.2792652367004141
42,42,42,1.859528422355652,1.859528422355652,52,52,694222546,694222546,28528959488.0,28528959488.0,7437462259367936.0,7424862435934208.0,159.09197998046875,159.09197998046875,11.187383651733398,11.187383651733398,168.49465942382812,168.49465942382812,-2049360000.0,935334784.0,2327320576.0,7105159680.0,-454402624.0,1038752256.0,36.40567398071289,36.40567398071289,159.12890625,159.12890625,11.166397094726562,11.166397094726562,168.4795684814453,168.4795684814453,-313.0324401855469,-313.2107849121094,-239.32571411132807,-239.34799194335935,-601.6160888671875,-600.774658203125,37.36906433105469,37.396114349365234,37.36906433105469,37.396114349365234,-0.6538845318545378,0.12916580046063508,0.7425727667726477,0.981192673646819,-0.14498518906766678,0.1434473184593235,3134131333.842131,7241350114.847584,0.10985789142293906,0.25382454336946564
43,43,43,1.8362011909484863,1.8362011909484863,49,49,318908246,318908246,26883059712.0,26883059712.0,4410355887374336.0,4403368780890112.0,75.7152099609375,75.7152099609375,24.08330535888672,24.08330535888672,214.12796020507807,214.12796020507807,-298774880.0,-687944128.0,-1203731712.0,-1223575040.0,2966807040.0,-2924836096.0,37.34642028808594,37.34642028808594,75.66997528076172,75.66997528076172,24.084678649902344,24.084678649902344,214.1302947998047,214.1302947998047,-110.6591339111328,-110.53050231933594,-556.612548828125,-556.1710205078125,42.94984817504883,42.94424819946289,37.44538879394531,37.44736099243164,37.44538879394531,37.44736099243164,-0.09291375697700227,-0.2120511774517731,-0.37433948849474524,-0.37715348873884186,0.922625049041002,-0.9015484147140613,3215615100.7213264,3244236303.080465,0.11961492237752785,0.12067957806277199
44,44,44,1.8353946208953855,1.8353946208953855,118,118,789638514,789638514,64738795520.0,64738795520.0,5627068045852672.0,5631457502429184.0,188.8874664306641,188.8874664306641,6.689371109008789,6.689371109008789,90.5206069946289,90.5206069946289,-1803949056.0,10351960064.0,-2502478336.0,-2586844672.0,-6061350400.0,-3224076032.0,49.530052185058594,49.530052185058594,188.902587890625,188.902587890625,6.704795837402344,6.704795837402344,90.46134948730467,90.46134948730467,-14.532055854797363,-14.52793312072754,-398.1419982910156,-398.2996826171875,-85.96874237060547,-85.88508605957031,50.72893905639648,50.80940246582031,50.72893905639648,50.80940246582031,-0.26523902396405435,0.9286995768719517,-0.3679454855580084,-0.23207214261523862,-0.8912151142255595,-0.28923972158026684,6801220382.429376,11146726370.725286,0.10505633179919525,0.17218000862066837
45,45,45,1.8338637351989744,1.8338637351989744,73,73,529239583,529239583,40050270208.0,40050270208.0,5342396002861056.0,5329009663541248.0,128.28384399414062,128.28384399414062,195.95584106445312,195.95584106445312,140.86135864257812,140.86135864257812,-1161926400.0,775545664.0,448012224.0,2387429632.0,-886115904.0,-302227936.0,42.47229766845703,42.47229766845703,128.30935668945312,128.30935668945312,195.9130706787109,195.9130706787109,140.88589477539062,140.88589477539062,88.15768432617188,88.15666198730469,462.3095397949219,461.7130126953125,183.0189666748047,182.8594512939453,62.68088912963867,62.524505615234375,62.68088912963867,62.524505615234375,-0.76022683249479,0.30673793265653976,0.2931260654465432,0.9442580413712989,-0.5797691548459329,-0.11953489856619584,1528394355.9147696,2528365687.5538545,0.03816189873319443,0.06312980348004783
46,46,46,1.823091983795166,1.823091983795166,54,54,180012460,180012460,29626228736.0,29626228736.0,5910662052052992.0,5898401531035648.0,36.02896881103516,36.02896881103516,182.93785095214844,182.93785095214844,106.7738800048828,106.7738800048828,3540425984.0,10770899968.0,-517461312.0,-3581169920.0,-2449221120.0,-3356060672.0,30.436452865600582,30.436452865600582,36.00159454345703,36.00159454345703,182.8929748535156,182.8929748535156,106.70136260986328,106.70136260986328,-252.18576049804688,-252.23785400390625,575.7140502929688,574.97509765625,-16.793039321899414,-16.80181312561035,35.06732177734375,35.0486946105957,35.06732177734375,35.0486946105957,0.8165152064217247,0.9099815844764263,-0.11934016750876283,-0.3025558391371848,-0.5648547088420781,-0.28353744041619344,4336019655.42745,11836393342.176506,0.14635746230361685,0.3995241327423371
47,47,47,1.8135979175567627,1.8135979175567627,113,113,435620068,435620068,61995626496.0,61995626496.0,9493189836668928.0,9483995385430016.0,108.73290252685548,108.73290252685548,106.29438018798828,106.29438018798828,63.8076400756836,63.8076400756836,-4509585408.0,-6925126144.0,-7388818944.0,1948941440.0,186994320.0,-12204321792.0,47.83424758911133,47.83424758911133,108.66390991210938,108.66390991210938,106.27225494384766,106.27225494384766,63.8051986694336,63.8051986694336,193.80062866210935,193.7176818847656,-391.59906005859375,-391.4300537109375,327.8665771484375,327.6649475097656,51.148563385009766,51.14872741699219,51.148563385009766,51.14872741699219,-0.5208402347663232,-0.48882418806130573,-0.8533809308970552,0.1375700163689368,0.02159714402037753,-0.8614670067753353,8658289254.522053,14166905634.243057,0.13965967833361104,0.2285145974798257
48,48,48,1.8056477308273315,1.8056477308273315,44,44,814695270,814695270,24139890688.0,24139890688.0,2916424259469312.0,2918713208602624.0,195.93099975585935,195.93099975585935,232.56011962890625,232.56011962890625,216.72581481933597,216.72581481933597,116757016.0,737685696.0,-920209536.0,-1658521344.0,1012736192.0,3297153024.0,36.62125778198242,36.62125778198242,195.8940277099609,195.8940277099609,232.5637359619141,232.5637359619141,216.7382354736328,216.7382354736328,118.1902847290039,118.20337677001952,-464.7708435058594,-465.0247802734375,-94.95828247070312,-94.8288345336914,29.603090286254883,29.461959838867188,29.603090286254883,29.461959838867188,0.0850170656808501,0.19599561011512243,-0.6700540767696272,-0.4406523055399367,0.7374277135743005,0.8760201290141335,1373336224.497563,3763786829.545334,0.05689073916064797,0.15591565339673727
49,49,49,1.7941263914108276,1.7941263914108276,68,68,570243855,570243855,37307101184.0,37307101184.0,4941169284874240.0,4949003305222144.0,135.26100158691406,135.26100158691406,219.694580078125,219.694580078125,190.4857482910156,190.4857482910156,-3451365888.0,-15306257408.0,6082473984.0,6837075456.0,-200646480.0,3855522560.0,34.64310073852539,34.64310073852539,135.23008728027344,135.23008728027344,219.6667938232422,219.6667938232422,190.4043731689453,190.4043731689453,-53.90413284301758,-53.811012268066406,443.3667907714844,443.848876953125,-245.00965881347656,-244.95054626464844,42.356056213378906,42.47893905639648,42.356056213378906,42.47893905639648,-0.49331069494229307,-0.8898202308871096,0.8693802875111044,0.39746934202679457,-0.028678806506916753,0.2241385260342317,6996332987.274352,17201516527.378086,0.1875335463017665,0.46107888261110325
50,50,50,1.7808352708816528,1.7808352708816528,112,112,153843554,153843554,61446991872.0,61446991872.0,1.7330554890354688e+16,1.7317609858924544e+16,31.416847229003903,31.416847229003903,174.01190185546875,174.01190185546875,205.9327545166016,205.9327545166016,8134726144.0,14734886912.0,-815515072.0,15997901824.0,-6010030592.0,-5491049472.0,47.472564697265625,47.472564697265625,31.417932510375977,31.417932510375977,174.0106964111328,174.0106964111328,206.004150390625,206.004150390625,-411.9985046386719,-411.6242370605469,-435.6499328613281,-435.5022583007813,-443.4213562011719,-443.3948974609375,51.39823532104492,51.52469253540039,51.39823532104492,51.52469253540039,0.8016967853588619,0.6568646578605368,-0.08037096763439622,0.7131684396946539,-0.5923029393028351,-0.2447847991139412,10146886319.818121,22432150574.203156,0.16513235246657904,0.3650650730133622
51,51,51,1.7786895036697388,1.7786895036697388,40,40,1013804708,1013804708,21945354240.0,21945354240.0,4058998839967744.0,4065363176194048.0,245.0946044921875,245.0946044921875,218.23944091796875,218.23944091796875,158.36212158203125,158.36212158203125,745257664.0,2316485632.0,1508039936.0,4071203072.0,368643200.0,954705408.0,34.09536361694336,34.09536361694336,245.13397216796875,245.13397216796875,218.2196807861328,218.2196807861328,158.34877014160156,158.34877014160156,200.810546875,201.1015167236328,250.02415466308597,250.30096435546875,-513.2891235351562,-513.5580444335938,34.71823501586914,34.94996643066406,34.71823501586914,34.94996643066406,0.432770977000657,0.4845794674297495,0.8757184903753343,0.8516441410969736,0.21407103279202047,0.19971228475158603,1722060174.1018984,4780404015.644402,0.0784703748806699,0.21783216453763662
52,52,52,1.773301601409912,1.773301601409912,69,69,982929710,982929710,37855735808.0,37855735808.0,2868787435012096.0,2866291790577664.0,236.928955078125,236.928955078125,104.49449157714844,104.49449157714844,82.98645782470703,82.98645782470703,1509856128.0,180474080.0,367319104.0,-2624366592.0,-1114011264.0,-1996045824.0,37.10523223876953,37.10523223876953,236.8883514404297,236.8883514404297,104.52728271484376,104.52728271484376,82.93516540527344,82.93516540527344,145.27391052246094,145.30149841308594,63.154727935791016,63.16445159912109,346.5789489746094,346.3526916503906,46.02253723144531,46.079288482666016,46.02253723144531,46.079288482666016,0.7896881857601836,0.05465382029489095,0.1921160244698601,-0.7947493629394503,-0.5826525572008467,-0.604472009306065,1911964944.171674,3302131104.9480424,0.05050661157054095,0.08722934674143112
53,53,53,1.769449234008789,1.769449234008789,45,45,809207075,809207075,24688523264.0,24688523264.0,6842553454297088.0,6835200470286336.0,194.82542419433597,194.82542419433597,190.04168701171875,190.04168701171875,57.56719970703125,57.56719970703125,-2568001536.0,-7979654144.0,1703920768.0,2367134208.0,-69436208.0,94752560.0,29.34489250183105,29.34489250183105,194.81295776367188,194.81295776367188,189.9791259765625,189.9791259765625,57.56704330444336,57.56704330444336,32.54818344116211,32.545352935791016,289.6280212402344,289.0270690917969,-683.1140747070312,-682.9362182617188,30.121152877807617,30.09481430053711,30.121152877807617,30.09481430053711,-0.8330469939581981,-0.9586445711948244,0.5527434675667361,0.2843782846772914,-0.022524762363014487,0.01138320353384126,3082661067.8927207,8323892278.505693,0.12486210839462224,0.3371563454604562
54,54,54,1.7643903493881226,1.7643903493881226,58,58,562887661,562887661,31820763136.0,31820763136.0,3168353082408960.0,3169383874560000.0,127.99668884277344,127.99668884277344,212.46409606933597,212.46409606933597,244.39520263671875,244.39520263671875,3959880192.0,10882857984.0,-526216608.0,-3484870400.0,-1560074496.0,-803445440.0,32.53791809082031,32.53791809082031,127.96510314941406,127.96510314941406,212.38682556152344,212.38682556152344,244.388916015625,244.388916015625,-220.53619384765625,-220.5706024169922,234.13165283203125,234.25428771972656,-301.646728515625,-301.58953857421875,39.55112457275391,39.66329574584961,39.55112457275391,39.66329574584961,0.9233679561244647,0.9500189787662037,-0.12270359966681249,-0.3042117266813515,-0.3637793895087178,-0.07013676164159739,4288518099.133853,11455411130.979345,0.13477106381154305,0.35999800136846555
55,55,55,1.7207738161087036,1.7207738161087036,70,70,281743584,281743584,38404370432.0,38404370432.0,4830549717811200.0,4832855041507328.0,62.8977165222168,62.8977165222168,184.9800262451172,184.9800262451172,56.02547454833984,56.02547454833984,-3503860224.0,4016932864.0,1355980288.0,3415771392.0,3338786816.0,7080563200.0,37.41862869262695,37.41862869262695,62.863677978515625,62.863677978515625,185.0052490234375,185.0052490234375,56.08159637451172,56.08159637451172,-206.3867034912109,-206.36383056640625,417.68646240234375,417.7789306640625,169.59527587890625,169.64527893066406,43.75116729736328,43.8853759765625,43.75116729736328,43.8853759765625,-0.6971118283590794,0.45501006777212655,0.26977956806377185,0.38691469964483105,0.6642695864008726,0.8020366908220314,5026252720.811928,8828228534.960064,0.13087710237853192,0.22987562185380975
56,56,56,1.714236855506897,1.714236855506897,126,126,670231341,670231341,69127864320.0,69127864320.0,5185390252130304.0,5179430985007104.0,154.45333862304688,154.45333862304688,42.9691047668457,42.9691047668457,200.34364318847656,200.34364318847656,3759117568.0,4110462464.0,97831728.0,-4919563264.0,-2688345856.0,3434865664.0,52.34186553955078,52.34186553955078,154.4076385498047,154.4076385498047,42.95599365234375,42.95599365234375,200.33560180664065,200.33560180664065,-297.45166015625,-297.3863525390625,-160.22833251953125,-160.1063690185547,-172.22067260742188,-171.98098754882812,45.50670623779297,45.462738037109375,45.50670623779297,45.462738037109375,0.8132173199323433,0.5651685836323475,0.02116413073263847,-0.6764160058279536,-0.5815751629259873,0.47227731168749165,4622525216.645343,7272984704.10721,0.06686920335405123,0.10521060900188982
57,57,57,1.7054617404937744,1.7054617404937744,72,72,574992159,574992159,39501635584.0,39501635584.0,6558024218968064.0,6556019006111744.0,132.2422332763672,132.2422332763672,99.64588165283205,99.64588165283205,194.47349548339844,194.47349548339844,2771214592.0,851534400.0,-2310172928.0,938551616.0,6455835648.0,18490974208.0,33.74114990234375,33.74114990234375,132.17788696289062,132.17788696289062,99.5846939086914,99.5846939086914,194.4801788330078,194.4801788330078,-230.67645263671875,-230.48455810546875,464.8565673828125,464.93988037109375,-242.32896423339844,-242.1210021972656,36.56729888916016,36.614044189453125,36.56729888916016,36.614044189453125,0.3747131648381368,0.04594358128845928,-0.3123728532872366,0.05063849735619703,0.8729337000174628,0.9976597265219725,7395562398.233511,18534349654.92992,0.187221675479915,0.4692046134524413
58,58,58,1.7054355144500732,1.7054355144500732,154,154,661160539,661160539,84489617408.0,84489617408.0,1.817426363469005e+16,1.8184221516365824e+16,147.8542022705078,147.8542022705078,131.10157775878906,131.10157775878906,160.5315399169922,160.5315399169922,-1748172544.0,-6923446784.0,11025326080.0,25171660800.0,21531469824.0,60053368832.0,44.3574333190918,44.3574333190918,147.76141357421875,147.76141357421875,131.01206970214844,131.01206970214844,160.55210876464844,160.55210876464844,391.0755310058594,390.705810546875,-235.4141845703125,-235.4678497314453,-284.70458984375,-284.7336120605469,216.63819885253903,217.0094451904297,216.63819885253903,217.0094451904297,-0.07208005303381339,-0.10572977626245528,0.4545924778930094,0.3844030506147407,0.887778207097773,0.9170907856311568,24253208348.49992,65482468881.93332,0.28705548791138774,0.775035689482635
59,59,59,1.704068660736084,1.704068660736084,96,96,149700741,149700741,52668850176.0,52668850176.0,3.5030111895945216e+16,3.499949736905933e+16,30.470718383789062,30.470718383789062,204.1490173339844,204.1490173339844,52.5098991394043,52.5098991394043,631127872.0,7927482880.0,4030939648.0,-21516969984.0,15198973952.0,18835214336.0,46.37879943847656,46.37879943847656,30.41613006591797,30.41613006591797,204.1303558349609,204.1303558349609,52.4991455078125,52.4991455078125,-262.8851928710937,-262.82830810546875,443.3816833496094,443.4387817382813,1028.603515625,1027.9742431640625,46.47990036010742,46.87574768066406,46.47990036010742,46.87574768066406,0.04010451589991911,0.2671458111461241,0.2561428363043842,-0.7250937639088897,0.9658066448385921,0.634722103859255,15737077429.7583,29674741467.92369,0.29879287998828064,0.5634210993549618
60,60,60,1.7018522024154663,1.7018522024154663,53,53,25498316,25498316,29077594112.0,29077594112.0,5912114287869952.0,5906143209586688.0,13.854629516601562,13.854629516601562,88.86799621582031,88.86799621582031,175.171142578125,175.171142578125,202115456.0,-238727520.0,1644623232.0,3168316160.0,-1071203328.0,1888466048.0,40.0967903137207,40.0967903137207,13.817835807800291,13.817835807800291,88.8453598022461,88.8453598022461,175.1802978515625,175.1802978515625,265.7673645019531,265.42254638671875,547.6719360351562,547.5969848632812,-177.23001098632812,-176.76954650878906,39.398223876953125,39.47238159179688,39.398223876953125,39.47238159179688,0.10243562745749295,-0.06458816430583454,0.8335236504678296,0.8571936939440865,-0.5429044725715317,0.5109279206444822,1973097261.3397672,3696149636.171571,0.06785627633908996,0.12711332381678067
61,61,61,1.7004823684692385,1.7004823684692385,48,48,202564699,202564699,26334425088.0,26334425088.0,9168229389828096.0,9158425053233152.0,51.57172393798828,51.57172393798828,34.73661804199219,34.73661804199219,32.72789764404297,32.72789764404297,-386264640.0,-4099424000.0,-1063539840.0,-5417659904.0,3169444096.0,3232025600.0,30.71709442138672,30.71709442138672,51.54865264892578,51.54865264892578,34.756492614746094,34.756492614746094,32.788307189941406,32.788307189941406,144.80007934570312,144.7027130126953,-586.6395874023438,-586.495361328125,572.1338500976562,571.6704711914062,35.78715133666992,35.706722259521484,35.78715133666992,35.706722259521484,-0.11477638865439876,-0.544886162498214,-0.3160249460713698,-0.7201030961449711,0.9417826787895613,0.42959352979345083,3365366732.0294847,7523450368.43074,0.12779343846632923,0.28568880251952056
62,62,62,1.699088454246521,1.699088454246521,41,41,981536150,981536150,22493988864.0,22493988864.0,2410293770584064.0,2411008077332480.0,237.43685913085935,237.43685913085935,10.896110534667969,10.896110534667969,107.83580017089844,107.83580017089844,1190437760.0,-795654976.0,512290848.0,-1769482368.0,-1561572224.0,-3216103424.0,27.15070343017578,27.15070343017578,237.48785400390625,237.48785400390625,10.846731185913086,10.846731185913086,107.84608459472656,107.84608459472656,223.3601531982422,223.2460784912109,-267.78033447265625,-267.7635803222656,299.3307189941406,299.5584716796875,32.20071029663086,32.133487701416016,32.20071029663086,32.133487701416016,0.5866224549036718,-0.2118363243040199,0.25244605386042507,-0.47110952870845,-0.7695096395062825,-0.8562599977024877,2029308203.3409028,3755989340.421638,0.09021557784216136,0.16697746954222187
63,63,63,1.6988587379455566,1.6988587379455566,69,69,227321102,227321102,37855735808.0,37855735808.0,2.0196531806142464e+16,2.0181948244688896e+16,48.52436828613281,48.52436828613281,213.7601318359375,213.7601318359375,63.75431823730469,63.75431823730469,4269220864.0,-698957248.0,-8421632512.0,-8455423488.0,-6447871488.0,12329902080.0,38.40359878540039,38.40359878540039,48.46783828735352,48.46783828735352,213.71664428710935,213.71664428710935,63.7396125793457,63.7396125793457,-753.8153076171875,-753.1649169921875,635.1605224609375,635.3067626953125,-297.5302734375,-297.4091186523437,47.73406219482422,48.06757354736328,47.73406219482422,48.06757354736328,0.37339541958432065,-0.04670008518177123,-0.7365744489632468,-0.5649401279798293,-0.5639449811532491,0.8238092945834912,11433511607.487513,14966937325.262712,0.30202851334014447,0.39536775618821207
64,64,64,1.6865774393081665,1.6865774393081665,64,64,1067818894,1067818894,35112566784.0,35112566784.0,2147472507928576.0,2144940087836672.0,2.781177520751953,2.781177520751953,94.45834350585938,94.45834350585938,223.5491485595703,223.5491485595703,-1653010944.0,293248608.0,3918794240.0,-114628256.0,90064760.0,-5515532288.0,34.58820724487305,34.58820724487305,2.708823204040528,2.708823204040528,94.427001953125,94.427001953125,223.5445098876953,223.5445098876953,164.81324768066406,164.58718872070312,225.8231506347656,225.64862060546875,-196.7024078369141,-196.7509002685547,42.69260025024414,42.65327835083008,42.69260025024414,42.65327835083008,-0.38856741182200144,0.05308136135400004,0.9211770441247407,-0.020749029022210475,0.021171203261900317,-0.9983746024771671,4254116258.100477,5524511815.820295,0.12115651596393635,0.15733716790928798
65,65,65,1.6745105981826782,1.6745105981826782,40,40,214715655,214715655,21945354240.0,21945354240.0,2.101484763008205e+16,2.094919690747904e+16,41.97235107421875,41.97235107421875,214.23989868164065,214.23989868164065,64.21416473388672,64.21416473388672,2378377728.0,-1926472704.0,1803225856.0,-973387648.0,-731902656.0,-242531760.0,30.535600662231445,30.535600662231445,42.00885009765625,42.00885009765625,214.2008514404297,214.2008514404297,64.23773956298828,64.23773956298828,-384.7615661621094,-384.8006591796875,1298.561279296875,1296.229248046875,-279.0757751464844,-279.2320861816406,31.68490982055664,31.423507690429688,31.68490982055664,31.423507690429688,0.7739326544106794,-0.8869562515232955,0.5867761696581316,-0.4481518257468947,-0.23816375282181687,-0.11166265697837136,3073106832.2876816,2172004200.5357037,0.14003450564886766,0.09897330326875159
66,66,66,1.6645517349243164,1.6645517349243164,52,52,483880296,483880296,28528959488.0,28528959488.0,3170959859122176.0,3171155011698688.0,117.05685424804688,117.05685424804688,109.04119873046876,109.04119873046876,92.58180236816406,92.58180236816406,-449510720.0,-880389184.0,1639870848.0,2149037568.0,-1048953216.0,2209049088.0,43.549442291259766,43.549442291259766,117.02999877929688,117.02999877929688,109.04898071289062,109.04898071289062,92.57553100585938,92.57553100585938,11.620898246765137,11.62537956237793,-448.11627197265625,-448.117919921875,128.39170837402344,128.29551696777344,40.29037094116211,40.44228363037109,40.29037094116211,40.44228363037109,-0.224993440859501,-0.2746747591073496,0.820803972498604,0.6704834487187935,-0.5250321802525184,0.6892065885519902,1997883663.9984572,3205205992.9391704,0.07003002211976281,0.1123492076283876
67,67,67,1.6559263467788696,1.6559263467788696,85,85,485215281,485215281,46633877504.0,46633877504.0,1861307829583872.0,1859460725211136.0,118.3117446899414,118.3117446899414,186.5491943359375,186.5491943359375,17.488338470458984,17.488338470458984,1397260800.0,5777966592.0,863963712.0,3164869376.0,-2980766976.0,-282816192.0,44.008636474609375,44.008636474609375,118.27588653564452,118.27588653564452,186.6007843017578,186.6007843017578,17.505624771118164,17.505624771118164,49.23733139038086,49.21799850463867,-101.80098724365234,-101.79862213134766,244.2835998535156,244.1153106689453,49.54523086547852,49.56325149536133,49.54523086547852,49.56325149536133,0.4105376783799662,0.8762415860377523,0.25384642332270235,0.47995953549960424,-0.8757972413730583,-0.04288970950063213,3403489797.8518524,6594033750.586063,0.07298320405717752,0.14140007444202904
68,68,68,1.6461297273635864,1.6461297273635864,43,43,741059211,741059211,23591256064.0,23591256064.0,1.9494057692626944e+16,1.9485736193490944e+16,190.89617919921875,190.89617919921875,195.4202423095703,195.4202423095703,166.81033325195312,166.81033325195312,587658432.0,-3126402560.0,-569042112.0,-4810296320.0,5828466176.0,-2050840448.0,35.83387756347656,35.83387756347656,190.86849975585935,190.86849975585935,195.4003753662109,195.4003753662109,166.8358612060547,166.8358612060547,999.0728759765624,998.6827392578124,635.7552490234375,635.48291015625,-487.7993774414063,-488.1518859863281,64.2172622680664,64.41447448730469,64.2172622680664,64.41447448730469,0.09984698811165857,-0.5131508660195094,-0.09668395431429304,-0.7895361122076548,0.9902942956228629,-0.336613897846552,5885589972.356737,6092560233.31185,0.24948184006777338,0.25825501689200137
69,69,69,1.6364729404449463,1.6364729404449463,108,108,945204073,945204073,59252457472.0,59252457472.0,9020170055974912.0,9017007886303232.0,224.7020568847656,224.7020568847656,111.5527572631836,111.5527572631836,206.7968292236328,206.7968292236328,-2946897152.0,3053682432.0,-269160640.0,3188534016.0,-3146499328.0,-4561399296.0,54.130638122558594,54.130638122558594,224.68898010253903,224.68898010253903,111.55390167236328,111.55390167236328,206.75279235839844,206.75279235839844,34.69063949584961,34.6692008972168,230.26690673828125,230.283203125,-491.2705078125,-491.1925048828125,54.44469451904297,54.334022521972656,54.44469451904297,54.334022521972656,-0.6822488508556913,0.48104050212303057,-0.062314538941731765,0.5022834031528407,-0.7284596102342037,-0.7185481321626433,4319387490.801835,6348077591.2274275,0.07289803115496062,0.1071361064514031
70,70,70,1.616698980331421,1.616698980331421,63,63,36831926,36831926,34563932160.0,34563932160.0,8690072291377152.0,8695835600617472.0,16.221439361572266,16.221439361572266,23.041126251220703,23.041126251220703,163.83309936523438,163.83309936523438,-5166268928.0,-10787465216.0,3531364352.0,-4125209600.0,3393516800.0,9892273152.0,32.16954803466797,32.16954803466797,16.15070343017578,16.15070343017578,23.064104080200195,23.064104080200195,163.80076599121094,163.80076599121094,317.8085021972656,317.4339294433594,-438.20111083984375,-438.2498779296875,-452.766845703125,-453.2484436035156,40.0841064453125,40.466251373291016,40.0841064453125,40.466251373291016,-0.7257253779019153,-0.7093888093807721,0.4960641353714198,-0.2712757323425451,0.47670016726169506,0.6505205562988355,7118765700.237429,15206703395.020306,0.20595937022685756,0.43995872126547725
71,71,71,1.615631341934204,1.615631341934204,45,45,797986783,797986783,24688523264.0,24688523264.0,1565429545828352.0,1564667994439680.0,191.24688720703125,191.24688720703125,4.782073974609375,4.782073974609375,4.896530151367188,4.896530151367188,76364992.0,-1916148736.0,61003964.0,731410560.0,1460204416.0,378086976.0,34.34865188598633,34.34865188598633,191.26910400390625,191.26910400390625,4.8097734451293945,4.8097734451293945,4.880227565765381,4.880227565765381,55.53298568725586,55.51422882080078,-227.03884887695312,-227.0438995361328,262.28448486328125,262.1302795410156,33.618682861328125,33.71257781982422,33.618682861328125,33.71257781982422,0.0521807022494926,-0.9187718804183821,0.04168441059383291,0.35070318026140007,0.9977672996376432,0.18128847483226881,1463471910.2643461,2085554398.0377822,0.059277417876116276,0.08447465147009703
72,72,72,1.6107356548309326,1.6107356548309326,56,56,761010763,761010763,30723495936.0,30723495936.0,3.598042494979277e+16,3.598218588638413e+16,194.2310333251953,194.2310333251953,195.02029418945312,195.02029418945312,161.473876953125,161.473876953125,278728256.0,-5779000320.0,4364690944.0,1227392384.0,3783776000.0,-2559233792.0,39.952430725097656,39.952430725097656,194.2071228027344,194.2071228027344,195.05938720703125,195.05938720703125,161.47935485839844,161.47935485839844,1101.3089599609375,1100.9609375,419.5970458984375,419.3583984375,973.8169555664062,974.3671875,40.60586929321289,40.64419555664063,40.60586929321289,40.64419555664063,0.04819636072229642,-0.8975830857799268,0.7547215420397295,0.1906361970046579,0.6542725004111813,-0.3974952131955624,5783180551.868012,6438401538.035354,0.1882331543231582,0.20955953552444564
73,73,73,1.6065505743026731,1.6065505743026731,61,61,550556513,550556513,33466664960.0,33466664960.0,4951691954749440.0,4950712702205952.0,123.53951263427734,123.53951263427734,11.042203903198242,11.042203903198242,209.3663024902344,209.3663024902344,89936232.0,7943845376.0,2590104576.0,4445506048.0,-4453676032.0,-6298758656.0,38.3044548034668,38.3044548034668,123.543212890625,123.543212890625,10.992947578430176,10.992947578430176,209.33639526367188,209.33639526367188,-371.5412902832031,-371.291259765625,-164.80528259277344,-164.75714111328125,-353.2889404296875,-353.4021911621094,44.35115432739258,44.58746337890625,44.35115432739258,44.58746337890625,0.017453655197917913,0.7176109760601224,0.5026538380666579,0.40158686167590096,-0.864311569399074,-0.5690013001455613,5152859442.916502,11069849320.886717,0.15396991152465592,0.3307724069344111
74,74,74,1.599864840507507,1.599864840507507,101,101,278728852,278728852,55412019200.0,55412019200.0,1.4714361461342208e+16,1.4730982984777728e+16,65.54144287109375,65.54144287109375,216.77281188964844,216.77281188964844,50.50723648071289,50.50723648071289,-2061689728.0,-4140336128.0,-1896631168.0,1987556992.0,-469431744.0,-1584448896.0,55.98942947387695,55.98942947387695,65.56100463867188,65.56100463867188,216.77789306640625,216.77789306640625,50.47890472412109,50.47890472412109,-95.3229751586914,-95.322998046875,392.3563537597656,392.5032653808594,599.7843627929688,600.1364135742188,52.65584564208984,52.85223007202149,52.65584564208984,52.85223007202149,-0.7258327857482895,-0.8522161282128,-0.6677227254471105,0.409104012804566,-0.16526684196885996,-0.32613122745481726,2840447233.1385846,4858317028.9006195,0.05126048958595944,0.08767623160176446
75,75,75,1.5995347499847412,1.5995347499847412,40,40,331344946,331344946,21945354240.0,21945354240.0,2864505084182528.0,2858642453823488.0,78.12776184082031,78.12776184082031,7.361523628234863,7.361523628234863,19.37093734741211,19.37093734741211,898153984.0,-876708352.0,-1007768064.0,-199422416.0,-109633336.0,833504960.0,38.478912353515625,38.478912353515625,78.14710998535156,78.14710998535156,7.380762100219727,7.380762100219727,19.39270782470703,19.39270782470703,-59.88522720336914,-59.81023406982422,373.2589111328125,372.9351806640625,338.46063232421875,338.1213684082031,34.61181640625,34.34977340698242,34.61181640625,34.34977340698242,0.6631564985533909,-0.7150866983638368,-0.7440906042634327,-0.1626587869407905,-0.08094832347421554,0.679847874788219,1354362033.6364532,1226016864.8164814,0.06171520490509308,0.055866806769599056
76,76,76,1.5893629789352417,1.5893629789352417,41,41,1037050531,1037050531,22493988864.0,22493988864.0,3063126115221504.0,3063844716937216.0,250.01104736328125,250.01104736328125,249.56423950195312,249.56423950195312,162.99301147460938,162.99301147460938,1610502400.0,2709329920.0,1984313600.0,113706944.0,-739836928.0,2889821952.0,35.26662063598633,35.26662063598633,249.9739532470703,249.9739532470703,249.54412841796875,249.54412841796875,162.9945526123047,162.9945526123047,126.02473449707033,125.93360900878906,-414.4578247070313,-414.7668762207031,-282.3408203125,-282.0308837890625,40.7299690246582,40.75240707397461,40.7299690246582,40.75240707397461,0.6053246955098466,0.683675894549571,0.7458256663982913,0.02869296060322472,-0.2780756881632342,0.7292214925683866,2660559550.8432426,3962886422.6447515,0.11827869067283463,0.17617535273999643
77,77,77,1.5799216032028198,1.5799216032028198,49,49,356474658,356474658,26883059712.0,26883059712.0,2846111886737408.0,2844539660271616.0,88.07748413085938,88.07748413085938,0.3776702880859375,0.3776702880859375,193.15084838867188,193.15084838867188,2538909184.0,-1732575488.0,916183488.0,-3120479744.0,-2787101952.0,-4529317376.0,26.09862518310547,26.09862518310547,88.0037841796875,88.0037841796875,0.4313061833381653,0.4313061833381653,193.19720458984372,193.19720458984372,194.2445373535156,194.09329223632807,187.0150146484375,186.79055786132807,-368.3999328613281,-368.4650268554688,33.24710464477539,33.13512420654297,33.24710464477539,33.13512420654297,0.6543800034639294,-0.3004489514715568,0.236137691662718,-0.5411278606136162,-0.7183493590466624,-0.7854368631706643,3879869755.433242,5766621848.78359,0.14432396449654702,0.21450764572789677
78,78,78,1.5793800354003906,1.5793800354003906,53,53,921830669,921830669,29077594112.0,29077594112.0,3971342047117312.0,3972206140850176.0,221.19577026367188,221.19577026367188,21.77022171020508,21.77022171020508,72.02536010742188,72.02536010742188,-967330816.0,-3191549952.0,-2196881408.0,-908438272.0,-2082406400.0,2228360704.0,38.70485305786133,38.70485305786133,221.1524353027344,221.1524353027344,21.76164054870605,21.76164054870605,72.00602722167969,72.00602722167969,18.29917335510254,18.31964683532715,-491.4110107421875,-491.4678955078125,160.13623046875,160.0336456298828,43.55659103393555,43.69268035888672,43.55659103393555,43.69268035888672,-0.3044023660356949,-0.7984655213425639,-0.6913207844037389,-0.22727409859446807,-0.6552974687905258,0.5574937625975915,3177803210.2633805,3997104279.0096087,0.1092870062778659,0.13746337690847843
79,79,79,1.5700266361236572,1.5700266361236572,126,126,551499256,551499256,69127864320.0,69127864320.0,1.2410386384945152e+16,1.240129393917952e+16,122.0405044555664,122.0405044555664,245.00372314453125,245.00372314453125,134.2705841064453,134.2705841064453,-8249933824.0,-23202971648.0,5662646784.0,7235326976.0,-5209278464.0,-14570682368.0,48.583126068115234,48.583126068115234,122.0270767211914,122.0270767211914,244.93882751464844,244.93882751464844,134.27801513671875,134.27801513671875,-427.8493957519531,-427.6322021484375,53.67886352539063,53.604976654052734,405.0120239257813,404.9541015625,55.02942657470703,54.96150588989258,55.02942657470703,54.96150588989258,-0.7313048152735269,-0.8187984500710291,0.5019580700496479,0.2553239560682114,-0.46176981610948276,-0.5141777665544848,11281115140.632996,28337830446.536858,0.1631920102205321,0.4099335445307282
80,80,80,1.5698552131652832,1.5698552131652832,55,55,823051146,823051146,30174861312.0,30174861312.0,5559512505253888.0,5564307836239872.0,204.3999938964844,204.3999938964844,226.77389526367188,226.77389526367188,225.10882568359372,225.10882568359372,-1534150272.0,-1397259392.0,1281647104.0,-141426064.0,-2692058624.0,-7758113280.0,38.7994384765625,38.7994384765625,204.35711669921875,204.35711669921875,226.7527313232422,226.7527313232422,225.11155700683597,225.11155700683597,425.6553955078125,425.6214294433594,-413.9962768554688,-414.3626403808594,-109.3570327758789,-109.3465576171875,36.29489135742188,36.503543853759766,36.29489135742188,36.503543853759766,-0.45752914241747256,-0.17722265567883871,0.38222520379995556,-0.01793790243085044,-0.8028517779882004,-0.9840072977221871,3353120336.540583,7884202991.135065,0.11112297424900201,0.2612838186599936
81,81,81,1.5596932172775269,1.5596932172775269,86,86,74369130,74369130,47182512128.0,47182512128.0,1.398463363284992e+16,1.3979115673616384e+16,15.221912384033203,15.221912384033203,243.9549102783203,243.9549102783203,37.180572509765625,37.180572509765625,-6103876608.0,-5286478848.0,347507840.0,-9104178176.0,376110400.0,-750435520.0,43.71385955810547,43.71385955810547,15.173789024353027,15.173789024353027,243.9611053466797,243.9611053466797,37.1708984375,37.1708984375,204.26026916503903,204.099365234375,66.35604858398438,66.26266479492188,733.3682861328125,733.2688598632812,54.26610565185547,54.2353744506836,54.26610565185547,54.2353744506836,-0.9964994164809657,-0.5008775420829688,0.056733020999916124,-0.8625927613813249,0.06140258366972916,-0.07110144759049919,6125318798.033226,10554433776.398607,0.12982180307432625,0.2236937649221772
82,82,82,1.5583317279815674,1.5583317279815674,47,47,617992210,617992210,25785790464.0,25785790464.0,7712904417640448.0,7723479700865024.0,143.74505615234375,143.74505615234375,104.301025390625,104.301025390625,12.338394165039062,12.338394165039062,-1215370496.0,-7638337536.0,-4839520256.0,-7495465984.0,-1861302016.0,-6396380160.0,33.370628356933594,33.370628356933594,143.71505737304688,143.71505737304688,104.310302734375,104.310302734375,12.380754470825195,12.380754470825195,-195.6463623046875,-195.6011657714844,625.9389038085938,626.545654296875,406.0844421386719,406.1472473144531,32.90102767944336,33.037498474121094,32.90102767944336,33.037498474121094,-0.22821081848122246,-0.6126572906313889,-0.9087195076012567,-0.6011978208784379,-0.34949775225752183,-0.5130421273221369,5325648030.573111,12467553480.230564,0.20653421650999385,0.48350480074042085
83,83,83,1.5364454984664917,1.5364454984664917,52,52,194714038,194714038,28528959488.0,28528959488.0,6009163368890368.0,6007944135049216.0,38.295692443847656,38.295692443847656,188.80474853515625,188.80474853515625,111.05088806152344,111.05088806152344,-6119396864.0,1904371968.0,-4328868352.0,-8105752064.0,3493558528.0,12593155072.0,30.741947174072266,30.741947174072266,38.25725555419922,38.25725555419922,188.85861206054688,188.85861206054688,111.10662841796876,111.10662841796876,-465.3709106445313,-465.5606384277344,447.0962219238281,446.7898559570313,25.864303588867188,25.87516593933105,37.11929321289063,37.169551849365234,37.11929321289063,37.169551849365234,-0.7399611508637619,0.12614296517934678,-0.5234493658235853,-0.5369138054659552,0.42244319929579094,0.834153174084849,8269889381.161139,15096933588.745226,0.28987700671802147,0.5291792571367833
84,84,84,1.534203052520752,1.534203052520752,66,66,1040898881,1040898881,36209836032.0,36209836032.0,7427546790494208.0,7431079401095168.0,0.1849517822265625,0.1849517822265625,173.45660400390625,173.45660400390625,195.4219970703125,195.4219970703125,2191698944.0,1856294912.0,-899450368.0,6661017600.0,4326899712.0,4255189248.0,41.34825897216797,41.34825897216797,0.134127989411354,0.134127989411354,173.455810546875,173.455810546875,195.44097900390625,195.44097900390625,93.76773834228516,93.62101745605467,-11.002307891845703,-10.954134941101074,-628.5672607421875,-628.7496948242188,45.60700607299805,45.58618927001953,45.60700607299805,45.58618927001953,0.4442921567807426,0.22862990328362984,-0.1823328632839605,0.8204018660040135,0.8771312366971026,0.5240888718353507,4933012907.273985,8119213127.152265,0.13623405814139825,0.22422672999615378
85,85,85,1.5250447988510132,1.5250447988510132,46,46,496241488,496241488,25237157888.0,25237157888.0,2130609929453568.0,2135707921416192.0,111.2375717163086,111.2375717163086,69.2093505859375,69.2093505859375,213.7432403564453,213.7432403564453,1876464640.0,1205700864.0,682470848.0,-1522903552.0,-171879648.0,1835021696.0,33.99333190917969,33.99333190917969,111.20558166503906,111.20558166503906,69.23902893066406,69.23902893066406,213.7662811279297,213.7662811279297,-342.3736267089844,-343.0232238769531,208.77720642089844,208.58807373046875,64.817138671875,64.82428741455078,35.768592834472656,35.9395751953125,35.768592834472656,35.9395751953125,0.9363115023768432,0.4512141686535913,0.3405368219564629,-0.5699221761155521,-0.08576388172541476,0.6867273747113639,2004102945.6933525,2672125451.1970954,0.07941080190516549,0.10588060125691343
86,86,86,1.5235995054244995,1.5235995054244995,222,222,237760417,237760417,121796714496.0,121796714496.0,2.5100471777624064e+16,2.510361354620109e+16,49.03171920776367,49.03171920776367,191.5132293701172,191.5132293701172,220.37078857421875,220.37078857421875,9061816320.0,-1813630720.0,264853760.0,-4683575296.0,-3209812992.0,5271865856.0,76.3192138671875,76.3192138671875,49.02562713623047,49.02562713623047,191.5406494140625,191.5406494140625,220.3785400390625,220.3785400390625,-337.139404296875,-337.1647033691406,2.960535764694214,2.975823402404785,-534.5598754882812,-534.5612182617188,65.17650604248047,65.26080322265625,65.17650604248047,65.26080322265625,0.9422559609733632,-0.24907974201866767,0.027539736553191193,-0.6432311239482562,-0.333759294882921,0.7240255543143329,9617149368.457188,7281325672.258303,0.07896066333359945,0.059782611562132354
87,87,87,1.5120481252670288,1.5120481252670288,63,63,724050507,724050507,34563932160.0,34563932160.0,2399566552891392.0,2400747668897792.0,168.68258666992188,168.68258666992188,124.32705688476562,124.32705688476562,152.31956481933594,152.31956481933594,276617376.0,4641520640.0,1109802880.0,1413546752.0,-3013322240.0,-867163712.0,33.689395904541016,33.689395904541016,168.6770782470703,168.6770782470703,124.24359130859376,124.24359130859376,152.3301239013672,152.3301239013672,-180.623046875,-180.7305908203125,-214.0622711181641,-214.13568115234372,234.5670318603516,234.535888671875,42.34368896484375,42.393497467041016,42.34368896484375,42.393497467041016,0.08582373558175674,0.9416999548821452,0.34432916072847175,0.28678896763070366,-0.9349180260765213,-0.17593545128904856,3223087111.3328657,4928874229.988565,0.09325001265518239,0.14260166369880312
88,88,88,1.5067846775054932,1.5067846775054932,51,51,229308087,229308087,27980326912.0,27980326912.0,1.99137232420864e+16,1.9875727813902336e+16,43.40203857421875,43.40203857421875,176.85031127929688,176.85031127929688,170.50071716308594,170.50071716308594,-933258112.0,-1245491712.0,-311373824.0,1937753984.0,-2995859200.0,-7169436160.0,35.014129638671875,35.014129638671875,43.41728210449219,43.41728210449219,176.90061950683594,176.90061950683594,170.5284423828125,170.5284423828125,-1143.5203857421875,-1142.2506103515625,259.1806640625,259.3643798828125,2.844708204269409,2.8590242862701416,127.2625732421875,127.38211822509766,127.2625732421875,127.38211822509766,-0.29596539948535294,-0.1653951149693787,-0.09874639933420903,0.2573241073209579,-0.9500808549413068,-0.9520655228164383,3153267623.927729,7530402045.009557,0.11269588214051132,0.26913202510796874
89,89,89,1.5048341751098633,1.5048341751098633,70,70,616715598,616715598,38404370432.0,38404370432.0,5332899293298688.0,5321987392012288.0,136.20179748535156,136.20179748535156,32.01032257080078,32.01032257080078,82.40525817871094,82.40525817871094,711966592.0,890589696.0,2269677824.0,1527376128.0,472089248.0,-3096554240.0,33.92018508911133,33.92018508911133,136.16275024414062,136.16275024414062,32.07954788208008,32.07954788208008,82.38489532470703,82.38489532470703,-469.7099304199219,-469.1580505371094,-227.5536956787109,-227.4950714111328,-7.495442867279053,-7.455269813537598,41.869964599609375,41.77893829345703,41.869964599609375,41.77893829345703,0.29358006564638006,0.24976122576015036,0.935903695557183,0.4283446525818241,0.1946664267342339,-0.8684124531070151,2425118989.030987,3565764434.76958,0.06314695337409526,0.09284788149523857
90,90,90,1.4961596727371216,1.4961596727371216,42,42,657402527,657402527,23042621440.0,23042621440.0,4370024533852160.0,4369125543510016.0,146.58071899414062,146.58071899414062,247.3778533935547,247.3778533935547,166.19801330566406,166.19801330566406,-1738151168.0,-1872082176.0,-1272563328.0,-4866057216.0,-1699716096.0,281161280.0,34.10981369018555,34.10981369018555,146.5470733642578,146.5470733642578,247.3961944580078,247.3961944580078,166.22740173339844,166.22740173339844,-562.6283569335938,-562.5272827148438,218.11605834960935,218.25616455078125,-103.78555297851562,-103.92124938964844,38.30807495117188,38.073997497558594,38.30807495117188,38.073997497558594,-0.6334334091958602,-0.35854528128339785,-0.46375950614248856,-0.9319579426687666,-0.6194265384829624,0.053848624550763405,2744015618.321383,5221327050.516354,0.1190843509479355,0.22659431628089766
91,91,91,1.4881584644317627,1.4881584644317627,47,47,812502787,812502787,25785790464.0,25785790464.0,3154846752440320.0,3152555387387904.0,198.2335357666016,198.2335357666016,214.03175354003903,214.03175354003903,187.5995941162109,187.5995941162109,-2534279168.0,-708847296.0,766981056.0,-1061720320.0,668757568.0,3805699328.0,33.23038482666016,33.23038482666016,198.25286865234372,198.25286865234372,213.99417114257807,213.99417114257807,187.5674285888672,187.5674285888672,211.1956329345703,211.1292266845703,-344.37359619140625,-344.0477294921875,-279.7127990722656,-279.84149169921875,32.96718978881836,32.98054885864258,32.96718978881836,32.98054885864258,-0.9279857302179144,-0.17658900082763337,0.2808480945203694,-0.2644972076851869,0.24488126166818439,0.9480809838370545,2730946269.405336,4014107858.80089,0.10590896072075272,0.15567131302044268
92,92,92,1.4851462841033936,1.4851462841033936,157,157,507071727,507071727,86135513088.0,86135513088.0,1.1096054451666944e+16,1.1095295316197376e+16,130.29513549804688,130.29513549804688,144.25193786621094,144.25193786621094,57.38164520263672,57.38164520263672,8002905088.0,15711910912.0,3226029568.0,19178194944.0,8336526336.0,6437172224.0,61.50013732910156,61.50013732910156,130.2770233154297,130.2770233154297,144.25393676757812,144.25393676757812,57.33570861816406,57.33570861816406,432.0553588867188,432.03704833984375,-241.53289794921875,-241.5188751220703,-49.77718353271485,-49.731082916259766,58.17804336547852,58.20543670654297,58.17804336547852,58.20543670654297,0.6670212618748157,0.613398207261547,0.26888114873677565,0.7487230842288819,0.6948277225765537,0.2513093362195501,11997975994.80713,25614536733.23273,0.13929186191239665,0.2973748668225119
93,93,93,1.4786221981048584,1.4786221981048584,228,228,849478401,849478401,125088522240.0,125088522240.0,2.0870828786712576e+16,2.085950725292032e+16,204.1855926513672,204.1855926513672,24.71444702148437,24.71444702148437,181.3607940673828,181.3607940673828,6792881664.0,-10838336512.0,-10419278848.0,-7920933376.0,-5040625152.0,3716239360.0,68.27267456054688,68.27267456054688,204.1557464599609,204.1557464599609,24.704957962036133,24.704957962036133,181.30409240722656,181.30409240722656,53.36064147949219,53.30010223388672,-273.70440673828125,-273.69366455078125,-492.5845642089844,-492.4017028808594,66.5731201171875,66.60176086425781,66.5731201171875,66.60176086425781,0.5061533362559176,-0.7781047810896133,-0.7763645844509612,-0.5686588641839996,-0.37558864760172156,0.26679588795640863,13420600394.038363,13929147815.828371,0.10728882357638733,0.11135432385317762
94,94,94,1.474419116973877,1.474419116973877,106,106,471089776,471089776,58155188224.0,58155188224.0,3192455096696832.0,3193446965706752.0,112.02608489990234,112.02608489990234,71.9889144897461,71.9889144897461,151.45025634765625,151.45025634765625,-2245930752.0,4195059968.0,1195438464.0,1074031232.0,3556595456.0,3292305920.0,45.94529724121094,45.94529724121094,112.0246124267578,112.0246124267578,71.9271469116211,71.9271469116211,151.47923278808594,151.47923278808594,-5.519534111022949,-5.520032405853272,204.8321533203125,204.78330993652344,-244.52301025390625,-244.6024475097656,51.6807861328125,51.7299919128418,51.6807861328125,51.7299919128418,-0.5135968263901167,0.7711800529627568,0.2733714744803832,0.19743971926396428,0.8133181031198197,0.6052263074002374,4372945151.911902,5439793148.024531,0.07519441146107815,0.093539257874495
95,95,95,1.4676121473312378,1.4676121473312378,50,50,813994684,813994684,27431692288.0,27431692288.0,2348331082711040.0,2350098461753344.0,193.6936492919922,193.6936492919922,77.10934448242188,77.10934448242188,167.2554931640625,167.2554931640625,-675352576.0,-908599488.0,710787264.0,2245287424.0,513687136.0,993096192.0,44.90886306762695,44.90886306762695,193.6702423095703,193.6702423095703,77.10564422607422,77.10564422607422,167.25204467773438,167.25204467773438,-16.357526779174805,-16.353851318359375,207.3038482666016,207.2270965576172,-351.7103271484375,-351.9677734375,37.72875213623047,37.63871765136719,37.72875213623047,37.63871765136719,-0.6101380511457513,-0.3470792719547591,0.6421510355446998,0.8576856301850531,0.46408361972055684,0.37935647978309633,1106884867.6652527,2617844283.4766393,0.04035058632344967,0.09543138119195861
96,96,96,1.4603482484817505,1.4603482484817505,52,52,414544951,414544951,28528959488.0,28528959488.0,4273569500495872.0,4264115740606464.0,100.50894165039062,100.50894165039062,78.3852767944336,78.3852767944336,19.085960388183597,19.085960388183597,-3000980736.0,-8043405312.0,1770681344.0,1198612224.0,149409600.0,-282818720.0,36.24578475952149,36.24578475952149,100.51527404785156,100.51527404785156,78.3548583984375,78.3548583984375,19.045072555541992,19.045072555541992,-30.35912704467773,-30.264450073242188,-494.8833923339844,-494.35052490234375,218.49229431152344,218.2567138671875,44.81461334228516,44.714149475097656,44.81461334228516,44.714149475097656,-0.8604656788967894,-0.9884807890426259,0.5077042003294083,0.14730143651570554,0.04283993940896052,-0.03475653167502912,3487623980.3632655,8137138729.615864,0.12224855175073063,0.28522381732984514
97,97,97,1.4560402631759644,1.4560402631759644,53,53,580365743,580365743,29077594112.0,29077594112.0,5981660008939520.0,5966540113444864.0,137.92324829101562,137.92324829101562,114.07200622558594,114.07200622558594,116.73773193359376,116.73773193359376,1233878272.0,-3577499136.0,1393213824.0,2658990080.0,-3496306176.0,-6413003264.0,34.228843688964844,34.228843688964844,137.8906707763672,137.8906707763672,114.03186798095705,114.03186798095705,116.77024841308594,116.77024841308594,1.275368571281433,1.289667725563049,-484.8969421386719,-484.0926513671875,415.557861328125,415.23822021484375,34.70082473754883,34.72433090209961,34.70082473754883,34.72433090209961,0.3115252626502892,-0.4580693275042906,0.3517537445133111,0.34046180068348725,-0.8827351323877014,-0.8211322996175003,3960764727.402292,7809951291.633886,0.13621363281110413,0.2685900099420814
98,98,98,1.4548289775848389,1.4548289775848389,41,41,530590813,530590813,22493988864.0,22493988864.0,7311876878761984.0,7292200022966272.0,115.82454681396484,115.82454681396484,9.109733581542969,9.109733581542969,19.8529052734375,19.8529052734375,-1546040064.0,1715922688.0,3650048000.0,7298483200.0,-2193489920.0,-6608142848.0,26.01508903503418,26.01508903503418,115.74748992919922,115.74748992919922,9.15918254852295,9.15918254852295,19.84071922302246,19.84071922302246,-483.2951354980469,-482.5650024414063,480.3521118164063,480.0581359863281,-421.7146606445313,-420.87640380859375,51.51933288574219,51.33888244628906,51.51933288574219,51.33888244628906,-0.34125936212994096,0.17169548916687333,0.8056796723630486,0.7302873561633373,-0.48417178077582806,-0.6612117939266594,4530396043.497602,9993988172.468933,0.2014047428799155,0.4442959509268535
99,99,99,1.454353094100952,1.454353094100952,47,47,1069177476,1069177476,25785790464.0,25785790464.0,1.0671429288722432e+16,1.0665863011106816e+16,4.762399673461914,4.762399673461914,171.43214416503906,171.43214416503906,173.09738159179688,173.09738159179688,7594252288.0,4160678144.0,3327751936.0,-8256789504.0,778532608.0,-58036072.0,29.679765701293945,29.679765701293945,4.687805652618408,4.687805652618408,171.45648193359375,171.45648193359375,173.1085205078125,173.1085205078125,481.9882507324219,482.182373046875,312.8019104003906,312.6732788085937,702.0043334960938,701.6089477539062,39.709754943847656,39.77909851074219,39.709754943847656,39.77909851074219,0.9119127561772445,0.44999587880053293,0.399594235844265,-0.893008572239972,0.09348567698454875,-0.006276859761294481,8327827674.914044,9246036108.353516,0.32296189199786884,0.3585709781230896
